host,mast_target_names_and_sep,st_teff_K,st_tefferr1,st_tefferr2,st_teff_ref_pscomppars,status,programs_executed,programs_planned_caom,n_obs_executed_ge1h,access_executed,executed_obs_detail,nexolist_entries,obs_source,teff_source
WASP-189,"HD-133112 [0.5""]",8000.0,80.00,-80.00,Lendl et al. 2020,executed,3279(GO),,1,PUBLIC,3279:1 2024-03-05 10.47h eph[T:b@0.57(n=532)] nexolist[Transit(Archived)],GO 3279 obs1 Transit Archived,"MAST JWST mission search (search/jwst/api/v0.1, exp_type=NIS_SOSS) for executed; MAST CAOM calib_level=-1 NIRISS GR700XD for planned; queried 2026-10-09","NASA Exoplanet Archive pscomppars st_teff, queried 2026-10-09"
KELT-7,"KELT-7 [0.5""]",6768.0,7.00,-7.00,Stassun et al. 2017,executed,5924(GO),,1,PUBLIC,5924:7 2025-02-15 7.53h eph[T:b@0.57(n=590)] nexolist[Transit(Archived)],GO 5924 obs7 Transit Archived,"MAST JWST mission search (search/jwst/api/v0.1, exp_type=NIS_SOSS) for executed; MAST CAOM calib_level=-1 NIRISS GR700XD for planned; queried 2026-10-09","NASA Exoplanet Archive pscomppars st_teff, queried 2026-10-09"
WASP-121,"WASP-121 [0.2""]",6628.0,66.00,-66.00,Sing et al. 2024,executed,1201(GTO),,1,PUBLIC,1201:1 2023-10-26 36.9h eph[T:b@0.51(n=0);E:b@0.09(n=-1)] nexolist[PhaseC(Archived)],GTO 1201 obs1 PhaseC Archived,"MAST JWST mission search (search/jwst/api/v0.1, exp_type=NIS_SOSS) for executed; MAST CAOM calib_level=-1 NIRISS GR700XD for planned; queried 2026-10-09","NASA Exoplanet Archive pscomppars st_teff, queried 2026-10-09"
HAT-P-14,"HAT-P-14 [0.0""]",6600.0,90.00,-90.00,Stassun et al. 2017,executed,1541(COM),,1,PUBLIC,1541:1 2022-06-08 6.22h eph[T:b@0.65(n=526)] nexolist[Transit(Archived)],COM 1541 obs1 Transit Archived,"MAST JWST mission search (search/jwst/api/v0.1, exp_type=NIS_SOSS) for executed; MAST CAOM calib_level=-1 NIRISS GR700XD for planned; queried 2026-10-09","NASA Exoplanet Archive pscomppars st_teff, queried 2026-10-09"
WASP-17,"WASP-17 [0.1""]",6550.0,100.00,-100.00,Stassun et al. 2017,executed,1353(GTO),,3,PUBLIC,1353:1 2023-02-18 10.03h eph[T:b@0.37(n=1446)] nexolist[Transit(Failed - Archived)] | 1353:2 2023-03-22 10.03h eph[E:b@0.37(n=1454)] nexolist[Eclipse(Archived)] | 1353:101 2023-03-20 10.03h eph[T:b@0.37(n=1454)] nexolist[Transit(Archived)],GTO 1353 obs1 Transit Failed - Archived | GTO 1353 obs101 Transit Archived | GTO 1353 obs2 Eclipse Archived,"MAST JWST mission search (search/jwst/api/v0.1, exp_type=NIS_SOSS) for executed; MAST CAOM calib_level=-1 NIRISS GR700XD for planned; queried 2026-10-09","NASA Exoplanet Archive pscomppars st_teff, queried 2026-10-09"
NGTS-2,"NGTS-2 [0.2""]",6478.0,94.00,-89.00,Raynard et al. 2018,executed,5924(GO),,1,PUBLIC,5924:5 2025-06-27 9.28h eph[T:b@0.56(n=686)] nexolist[Transit(Archived)],GO 5924 obs5 Transit Archived,"MAST JWST mission search (search/jwst/api/v0.1, exp_type=NIS_SOSS) for executed; MAST CAOM calib_level=-1 NIRISS GR700XD for planned; queried 2026-10-09","NASA Exoplanet Archive pscomppars st_teff, queried 2026-10-09"
WASP-18,"WASP-18 [0.4""]",6432.0,48.00,-48.00,Cort&eacute;s-Zuleta et al. 2020,executed,1366(ERS);12564(CAL),,2,PUBLIC,1366:21 2022-08-11 6.74h eph[E:b@0.58(n=3252)] nexolist[Eclipse(Archived)] | 12564:1 2026-07-29 5.24h eph[T:b@0.58(n=4791)] nexolist[not-in-nexolist],COM 1541 obs2 Transit Withdrawn | ERS 1366 obs21 Eclipse Archived,"MAST JWST mission search (search/jwst/api/v0.1, exp_type=NIS_SOSS) for executed; MAST CAOM calib_level=-1 NIRISS GR700XD for planned; queried 2026-10-09","NASA Exoplanet Archive pscomppars st_teff, queried 2026-10-09"
WASP-76,"WASP-76 [0.6""]",6329.0,65.00,-65.00,Ehrenreich et al. 2020,executed,5924(GO),,1,PUBLIC,5924:14 2025-08-21 7.58h eph[T:b@0.57(n=1563)] nexolist[Transit(Archived)],GO 5924 obs14 Transit Archived,"MAST JWST mission search (search/jwst/api/v0.1, exp_type=NIS_SOSS) for executed; MAST CAOM calib_level=-1 NIRISS GR700XD for planned; queried 2026-10-09","NASA Exoplanet Archive pscomppars st_teff, queried 2026-10-09"
HAT-P-30,"HAT-P-30 [0.3""]",6304.0,88.00,-88.00,Stassun et al. 2017,executed,5924(GO),,1,PUBLIC,5924:6 2025-03-31 5.49h eph[T:b@0.58(n=1064)] nexolist[Transit(Archived)],GO 5924 obs6 Transit Archived,"MAST JWST mission search (search/jwst/api/v0.1, exp_type=NIS_SOSS) for executed; MAST CAOM calib_level=-1 NIRISS GR700XD for planned; queried 2026-10-09","NASA Exoplanet Archive pscomppars st_teff, queried 2026-10-09"
WASP-94 A,"WASP-94A [0.5""]",6170.0,80.00,-80.00,Stassun et al. 2017,executed,5924(GO),,1,PUBLIC,5924:4 2024-10-12 8.97h eph[T:b@0.53(n=581)] nexolist[Transit(Archived)],GO 5924 obs4 Transit Archived,"MAST JWST mission search (search/jwst/api/v0.1, exp_type=NIS_SOSS) for executed; MAST CAOM calib_level=-1 NIRISS GR700XD for planned; queried 2026-10-09","NASA Exoplanet Archive pscomppars st_teff, queried 2026-10-09"
WASP-166,"WASP-166 [0.5""]",6050.0,50.00,-50.00,Hellier et al. 2019,executed,2062(GO),,1,PUBLIC,2062:4 2023-12-31 8.99h eph[T:b@0.60(n=486)] nexolist[Transit(Archived)],GO 2062 obs1 Transit Skipped | GO 2062 obs4 Transit Archived,"MAST JWST mission search (search/jwst/api/v0.1, exp_type=NIS_SOSS) for executed; MAST CAOM calib_level=-1 NIRISS GR700XD for planned; queried 2026-10-09","NASA Exoplanet Archive pscomppars st_teff, queried 2026-10-09"
HAT-P-1,"HATP1 [0.4""]; ADS 16402A [11.2""]",5980.0,49.00,-49.00,Nikolov et al. 2014,executed,1201(GTO),,2,PUBLIC,1201:3 2023-07-20 6.36h eph[T:b@0.56(n=1381)] nexolist[Transit(Archived)] | 1201:4 2022-07-12 6.36h eph[E:b@0.60(n=1297)] nexolist[Eclipse(Archived)],GTO 1201 obs3 Transit Archived | GTO 1201 obs4 Eclipse Archived,"MAST JWST mission search (search/jwst/api/v0.1, exp_type=NIS_SOSS) for executed; MAST CAOM calib_level=-1 NIRISS GR700XD for planned; queried 2026-10-09","NASA Exoplanet Archive pscomppars st_teff, queried 2026-10-09"
HAT-P-13,"HAT-P-13 [0.4""]",5653.0,90.00,-90.00,Yal&ccedil;&#x131;nkaya et al. 2024,executed,8233(GO),,1,EXCLUSIVE_ACCESS,8233:1 2026-03-14 7.52h eph[T:b@0.62(n=2172)] nexolist[Transit(Archived)],GO 8233 obs1 Transit Archived,"MAST JWST mission search (search/jwst/api/v0.1, exp_type=NIS_SOSS) for executed; MAST CAOM calib_level=-1 NIRISS GR700XD for planned; queried 2026-10-09","NASA Exoplanet Archive pscomppars st_teff, queried 2026-10-09"
WASP-127,"WASP-127 [0.2""]",5620.0,85.00,-85.00,Boehm et al. 2025,executed,1201(GTO),,1,PUBLIC,1201:6 2023-12-03 8.62h eph[T:b@0.52(n=839)] nexolist[Transit(Archived)],GTO 1201 obs6 Transit Archived,"MAST JWST mission search (search/jwst/api/v0.1, exp_type=NIS_SOSS) for executed; MAST CAOM calib_level=-1 NIRISS GR700XD for planned; queried 2026-10-09","NASA Exoplanet Archive pscomppars st_teff, queried 2026-10-09"
WASP-63,"CD-38-2551 [0.3""]",5550.0,100.00,-100.00,Stassun et al. 2017,executed,2113(GO),,1,PUBLIC,2113:5 2023-09-28 11.52h eph[T:b@0.57(n=375)] nexolist[Transit(Archived)],GO 2113 obs5 Transit Archived,"MAST JWST mission search (search/jwst/api/v0.1, exp_type=NIS_SOSS) for executed; MAST CAOM calib_level=-1 NIRISS GR700XD for planned; queried 2026-10-09","NASA Exoplanet Archive pscomppars st_teff, queried 2026-10-09"
WASP-96,"WASP-96 [0.2""]",5540.0,140.00,-140.00,Hellier et al. 2014,executed,2734(COM),,1,PUBLIC,2734:2 2022-06-21 6.66h eph[T:b@0.56(n=1020)] nexolist[Transit(Archived)],COM 2734 obs2 Transit Archived,"MAST JWST mission search (search/jwst/api/v0.1, exp_type=NIS_SOSS) for executed; MAST CAOM calib_level=-1 NIRISS GR700XD for planned; queried 2026-10-09","NASA Exoplanet Archive pscomppars st_teff, queried 2026-10-09"
TOI-451,"CD-38-1467-copy [0.2""]",5490.0,115.00,-115.00,Barrag&aacute;n et al. 2026,executed,5959(GO),,2,PUBLIC,5959:6 2025-01-25 6.81h eph[T:c@0.48(n=42)] nexolist[Transit(Archived)] | 5959:8 2024-12-30 7.6h eph[T:b@0.20(n=195);T:d@0.54(n=22)] nexolist[Transit(Archived)],GO 5959 obs6 Transit Archived | GO 5959 obs8 Transit Archived,"MAST JWST mission search (search/jwst/api/v0.1, exp_type=NIS_SOSS) for executed; MAST CAOM calib_level=-1 NIRISS GR700XD for planned; queried 2026-10-09","NASA Exoplanet Archive pscomppars st_teff, queried 2026-10-09"
WASP-39,"WASP-39 [0.1""]",5485.0,50.00,-50.00,Mancini et al. 2018,executed,1366(ERS),,1,PUBLIC,1366:1 2022-07-26 8.35h eph[T:b@0.59(n=1096)] nexolist[Transit(Archived)],ERS 1366 obs1 Transit Archived,"MAST JWST mission search (search/jwst/api/v0.1, exp_type=NIS_SOSS) for executed; MAST CAOM calib_level=-1 NIRISS GR700XD for planned; queried 2026-10-09","NASA Exoplanet Archive pscomppars st_teff, queried 2026-10-09"
LTT 9779,"LTT-9779 [1.8""]",5443.0,14.00,-13.00,Jenkins et al. 2020,executed,1201(GTO),,1,PUBLIC,1201:2 2022-07-07 22.0h eph[T:b@0.51(n=1785);E:b@0.08(n=1784)] nexolist[PhaseC(Archived)],GTO 1201 obs2 PhaseC Archived,"MAST JWST mission search (search/jwst/api/v0.1, exp_type=NIS_SOSS) for executed; MAST CAOM calib_level=-1 NIRISS GR700XD for planned; queried 2026-10-09","NASA Exoplanet Archive pscomppars st_teff, queried 2026-10-09"
TOI-421,"TOI-421 [0.5""]; planned: TOI-421 [1.0""]",5291.0,64.00,-64.00,Krenn et al. 2024,executed,1935(GO),11672(GO),1,PUBLIC,1935:1 2023-11-06 3.9h eph[T:b@0.70(n=205)] nexolist[Transit(Archived)],GO 11672 obs1 Transit Flight Ready | GO 1935 obs1 Transit Archived,"MAST JWST mission search (search/jwst/api/v0.1, exp_type=NIS_SOSS) for executed; MAST CAOM calib_level=-1 NIRISS GR700XD for planned; queried 2026-10-09","NASA Exoplanet Archive pscomppars st_teff, queried 2026-10-09"
TOI-2076,"BD+40-2790 [1.1""]",5187.0,54.00,-53.00,Kokori et al. 2023,executed,5959(GO),,3,PUBLIC,5959:10 2025-04-18 6.72h eph[T:b@0.47(n=191)] nexolist[Transit(Archived)] | 5959:12 2025-06-23 7.72h eph[none-predicted] nexolist[Transit(Archived)] | 5959:14 2025-01-18 6.72h eph[E:c@0.14(n=88)] nexolist[Transit(Archived)],GO 5959 obs10 Transit Archived | GO 5959 obs12 Transit Archived | GO 5959 obs14 Transit Archived,"MAST JWST mission search (search/jwst/api/v0.1, exp_type=NIS_SOSS) for executed; MAST CAOM calib_level=-1 NIRISS GR700XD for planned; queried 2026-10-09","NASA Exoplanet Archive pscomppars st_teff, queried 2026-10-09"
HAT-P-26,"HAT-P-26 [1.2""]",5079.0,88.00,-88.00,Stassun et al. 2017,executed,1312(GTO),,1,PUBLIC,1312:1 2023-07-02 6.02h eph[T:b@0.62(n=762)] nexolist[Transit(Archived)],GTO 1312 obs1 Transit Archived,"MAST JWST mission search (search/jwst/api/v0.1, exp_type=NIS_SOSS) for executed; MAST CAOM calib_level=-1 NIRISS GR700XD for planned; queried 2026-10-09","NASA Exoplanet Archive pscomppars st_teff, queried 2026-10-09"
NGTS-11,"NGTS-11 [0.2""]",5050.0,80.00,-80.00,Gill et al. 2020,executed,7982(GO),,1,EXCLUSIVE_ACCESS,7982:1 2026-08-09 7.48h eph[T:b@0.38(n=81)] nexolist[Transit(Archived)],GO 7982 obs1 Transit Archived,"MAST JWST mission search (search/jwst/api/v0.1, exp_type=NIS_SOSS) for executed; MAST CAOM calib_level=-1 NIRISS GR700XD for planned; queried 2026-10-09","NASA Exoplanet Archive pscomppars st_teff, queried 2026-10-09"
WASP-52,"WASP-52 [0.3""]",5000.0,100.00,-100.00,Hebrard et al. 2013,executed,1201(GTO),,1,PUBLIC,1201:501 2022-11-27 4.45h eph[T:b@0.62(n=2353)] nexolist[Transit(Archived)],GTO 1201 obs5 Transit Skipped | GTO 1201 obs501 Transit Archived,"MAST JWST mission search (search/jwst/api/v0.1, exp_type=NIS_SOSS) for executed; MAST CAOM calib_level=-1 NIRISS GR700XD for planned; queried 2026-10-09","NASA Exoplanet Archive pscomppars st_teff, queried 2026-10-09"
V1298 Tau,"V-V1298-Tau [0.2""]; planned: V-V1298-Tau [0.3""]",4970.0,120.00,-120.00,Livingston et al. 2026,executed,5959(GO);11831(GO),11831(GO),4,EXCLUSIVE_ACCESS;PUBLIC,5959:2 2025-09-06 9.64h eph[T:c@0.59(n=319)] nexolist[Transit(Archived)] | 5959:4 2025-10-05 11.04h eph[T:d@0.48(n=215)] nexolist[Transit(Archived)] | 5959:17 2025-09-10 11.04h eph[T:b@0.64(n=109);T:d@0.27(n=213)] nexolist[Transit(Archived)] | 11831:1 2026-09-07 13.34h eph[T:b@0.38(n=124);E:c@1.00(n=363)] nexolist[Transit(Archived)],GO 11831 obs1 Transit Archived | GO 11831 obs2 Transit Flight Ready | GO 5959 obs17 Transit Archived | GO 5959 obs2 Transit Archived | GO 5959 obs4 Transit Archived,"MAST JWST mission search (search/jwst/api/v0.1, exp_type=NIS_SOSS) for executed; MAST CAOM calib_level=-1 NIRISS GR700XD for planned; queried 2026-10-09","NASA Exoplanet Archive pscomppars st_teff, queried 2026-10-09"
HAT-P-18,"HAT-P-18 [0.3""]",4870.0,50.00,-50.00,Esposito et al. 2014,executed,2734(COM),,1,PUBLIC,2734:1 2022-06-13 7.33h eph[T:b@0.52(n=913)] nexolist[Transit(Archived)],COM 2734 obs1 Transit Archived,"MAST JWST mission search (search/jwst/api/v0.1, exp_type=NIS_SOSS) for executed; MAST CAOM calib_level=-1 NIRISS GR700XD for planned; queried 2026-10-09","NASA Exoplanet Archive pscomppars st_teff, queried 2026-10-09"
WASP-69,"WASP-69 [1.0""]",4792.0,158.00,-158.00,Allart et al. 2025,executed,5924(GO),,1,PUBLIC,5924:2 2025-05-04 5.12h eph[T:b@0.58(n=1306)] nexolist[Transit(Archived)],GO 5924 obs2 Transit Archived,"MAST JWST mission search (search/jwst/api/v0.1, exp_type=NIS_SOSS) for executed; MAST CAOM calib_level=-1 NIRISS GR700XD for planned; queried 2026-10-09","NASA Exoplanet Archive pscomppars st_teff, queried 2026-10-09"
HAT-P-11,"HAT-P-11 [2.7""]",4653.0,33.00,-35.00,Bourrier et al. 2023,executed,5924(GO),,1,PUBLIC,5924:1 2025-08-08 5.76h eph[none-predicted] nexolist[Transit(Archived)],GO 5924 obs1 Transit Archived,"MAST JWST mission search (search/jwst/api/v0.1, exp_type=NIS_SOSS) for executed; MAST CAOM calib_level=-1 NIRISS GR700XD for planned; queried 2026-10-09","NASA Exoplanet Archive pscomppars st_teff, queried 2026-10-09"
HAT-P-12,"HAT-P-12 [1.1""]",4650.0,60.00,-60.00,Hartman et al. 2009,executed,1281(GTO),,1,PUBLIC,1281:3 2023-06-20 6.2h eph[T:b@0.60(n=1773)] nexolist[Transit(Archived)],GTO 1281 obs3 Transit Archived,"MAST JWST mission search (search/jwst/api/v0.1, exp_type=NIS_SOSS) for executed; MAST CAOM calib_level=-1 NIRISS GR700XD for planned; queried 2026-10-09","NASA Exoplanet Archive pscomppars st_teff, queried 2026-10-09"
WASP-107,"WASP-107 [0.8""]",4425.0,70.00,-70.00,Howard et al. 2025,executed,1201(GTO),,1,PUBLIC,1201:8 2023-06-11 6.21h eph[T:b@0.63(n=441)] nexolist[Transit(Archived)],GTO 1201 obs8 Transit Archived,"MAST JWST mission search (search/jwst/api/v0.1, exp_type=NIS_SOSS) for executed; MAST CAOM calib_level=-1 NIRISS GR700XD for planned; queried 2026-10-09","NASA Exoplanet Archive pscomppars st_teff, queried 2026-10-09"
TOI-1130,"TOI-1130 [0.3""]",4360.0,108.00,-108.00,Borsato et al. 2024,executed,3385(GO),,2,PUBLIC,3385:3 2024-09-07 5.77h eph[T:b@0.44(n=467)] nexolist[Transit(Archived)] | 3385:4 2024-08-24 6.05h eph[E:b@0.73(n=463)] nexolist[Transit(Archived)],GO 3385 obs3 Transit Archived | GO 3385 obs4 Transit Archived,"MAST JWST mission search (search/jwst/api/v0.1, exp_type=NIS_SOSS) for executed; MAST CAOM calib_level=-1 NIRISS GR700XD for planned; queried 2026-10-09","NASA Exoplanet Archive pscomppars st_teff, queried 2026-10-09"
GJ 9827,"GJ9827 [3.6""]",4236.0,12.00,-12.00,Passegger et al. 2024,executed,4098(GO),,2,PUBLIC,4098:7 2023-11-10 3.47h eph[E:b@0.56(n=2084);T:d@0.34(n=-1)] nexolist[Transit(Archived)] | 4098:8 2023-11-16 3.47h eph[T:d@0.62(n=0)] nexolist[Transit(Archived)],GO 4098 obs7 Transit Archived | GO 4098 obs8 Transit Archived,"MAST JWST mission search (search/jwst/api/v0.1, exp_type=NIS_SOSS) for executed; MAST CAOM calib_level=-1 NIRISS GR700XD for planned; queried 2026-10-09","NASA Exoplanet Archive pscomppars st_teff, queried 2026-10-09"
WASP-80,"WASP-80 [1.3""]",4143.0,92.00,-94.00,Triaud et al. 2015,executed,1201(GTO);5924(GO),,2,PUBLIC,1201:7 2023-10-26 5.1h eph[E:b@0.64(n=1224)] nexolist[Eclipse(Archived)] | 5924:3 2024-10-20 5.3h eph[T:b@0.58(n=1342)] nexolist[Transit(Archived)],GO 5924 obs3 Transit Archived | GTO 1201 obs7 Eclipse Archived,"MAST JWST mission search (search/jwst/api/v0.1, exp_type=NIS_SOSS) for executed; MAST CAOM calib_level=-1 NIRISS GR700XD for planned; queried 2026-10-09","NASA Exoplanet Archive pscomppars st_teff, queried 2026-10-09"
TOI-1801,"TOI-1801 [2.3""]",3863.0,77.00,-77.00,Mallorqu&iacute;n et al. 2023,executed,6932(GO),,3,EXCLUSIVE_ACCESS,6932:1 2026-01-23 5.9h eph[T:b@0.53(n=203)] nexolist[Transit(Archived)] | 6932:3 2026-01-12 5.9h eph[T:b@0.59(n=202)] nexolist[Transit(Archived)] | 6932:5 2026-05-10 5.9h eph[T:b@0.52(n=213)] nexolist[Transit(Archived)],GO 6932 obs1 Transit Archived | GO 6932 obs3 Transit Archived | GO 6932 obs5 Transit Archived,"MAST JWST mission search (search/jwst/api/v0.1, exp_type=NIS_SOSS) for executed; MAST CAOM calib_level=-1 NIRISS GR700XD for planned; queried 2026-10-09","NASA Exoplanet Archive pscomppars st_teff, queried 2026-10-09"
GJ 3090,"GJ3090 [1.2""]",3707.0,32.00,-32.00,Lamontagne et al. 2026,executed,4098(GO),,2,PUBLIC,4098:12 2023-12-06 3.57h eph[T:b@0.67(n=676)] nexolist[Transit(Archived)] | 4098:111 2024-07-04 3.57h eph[T:b@0.70(n=750)] nexolist[Transit(Archived)],GO 4098 obs11 Transit Skipped | GO 4098 obs111 Transit Archived | GO 4098 obs12 Transit Archived,"MAST JWST mission search (search/jwst/api/v0.1, exp_type=NIS_SOSS) for executed; MAST CAOM calib_level=-1 NIRISS GR700XD for planned; queried 2026-10-09","NASA Exoplanet Archive pscomppars st_teff, queried 2026-10-09"
LTT 1445 A,"LTT-1445A [4.7""]",3562.0,83.00,-83.00,ExoFOP,executed,7073(GO),,4,PUBLIC,7073:1 2026-01-24 4.4h eph[T:b@0.59(n=495)] nexolist[Transit(Archived)] | 7073:2 2026-01-30 4.4h eph[T:b@0.59(n=496)] nexolist[Transit(Archived)] | 7073:11 2026-01-27 3.54h eph[T:c@0.61(n=850)] nexolist[Transit(Archived)] | 7073:12 2026-01-21 3.54h eph[T:c@0.62(n=848)] nexolist[Transit(Archived)],GO 7073 obs1 Transit Archived | GO 7073 obs11 Transit Archived | GO 7073 obs12 Transit Archived | GO 7073 obs2 Transit Archived,"MAST JWST mission search (search/jwst/api/v0.1, exp_type=NIS_SOSS) for executed; MAST CAOM calib_level=-1 NIRISS GR700XD for planned; queried 2026-10-09","NASA Exoplanet Archive pscomppars st_teff, queried 2026-10-09"
TOI-1231,"TOI-1231 [3.6""]",3553.0,51.00,-52.00,Burt et al. 2021,executed,3557(GO),,1,PUBLIC,3557:1 2025-01-21 5.68h eph[T:b@0.59(n=83)] nexolist[Transit(Archived)],GO 3557 obs1 Transit Archived,"MAST JWST mission search (search/jwst/api/v0.1, exp_type=NIS_SOSS) for executed; MAST CAOM calib_level=-1 NIRISS GR700XD for planned; queried 2026-10-09","NASA Exoplanet Archive pscomppars st_teff, queried 2026-10-09"
TOI-674,"TOI-674 [1.8""]",3514.0,57.00,-57.00,Murgas et al. 2021,executed,9095(GO),,1,EXCLUSIVE_ACCESS,9095:2 2026-05-09 3.36h eph[T:b@0.38(n=1279)] nexolist[Transit(Archived)],GO 9095 obs2 Transit Archived,"MAST JWST mission search (search/jwst/api/v0.1, exp_type=NIS_SOSS) for executed; MAST CAOM calib_level=-1 NIRISS GR700XD for planned; queried 2026-10-09","NASA Exoplanet Archive pscomppars st_teff, queried 2026-10-09"
TOI-270,"L-231-32 [2.6""]; TOI-270 [2.4""]",3506.0,70.00,-70.00,Kaye et al. 2022,executed,2759(GTO);4098(GO),,2,PUBLIC,2759:1 2024-08-06 6.45h eph[E:b@0.68(n=615);T:c@1.00(n=365)] nexolist[Transit(Archived)] | 4098:15 2024-02-06 5.3h eph[none-predicted] nexolist[Transit(Archived)],GO 3557 obs10 Transit Withdrawn | GO 4098 obs15 Transit Archived | GTO 2759 obs1 Transit Archived,"MAST JWST mission search (search/jwst/api/v0.1, exp_type=NIS_SOSS) for executed; MAST CAOM calib_level=-1 NIRISS GR700XD for planned; queried 2026-10-09","NASA Exoplanet Archive pscomppars st_teff, queried 2026-10-09"
GJ 357,"GJ-357 [8.4""]",3505.0,51.00,-51.00,Oddo et al. 2023,executed,1201(GTO),,1,PUBLIC,1201:201 2023-11-22 4.07h eph[T:b@0.02(n=254)] nexolist[Transit(Archived)],GTO 1201 obs201 Transit Archived,"MAST JWST mission search (search/jwst/api/v0.1, exp_type=NIS_SOSS) for executed; MAST CAOM calib_level=-1 NIRISS GR700XD for planned; queried 2026-10-09","NASA Exoplanet Archive pscomppars st_teff, queried 2026-10-09"
TOI-1685,"TOI-1685 [0.9""]",3470.0,102.00,-102.00,Egger et al. 2025,executed,4098(GO),,2,PUBLIC,4098:3 2025-01-15 2.93h eph[T:b@0.69(n=2802)] nexolist[Transit(Archived)] | 4098:4 2025-01-16 2.93h eph[T:b@0.69(n=2803)] nexolist[Transit(Archived)],GO 4098 obs3 Transit Archived | GO 4098 obs4 Transit Archived,"MAST JWST mission search (search/jwst/api/v0.1, exp_type=NIS_SOSS) for executed; MAST CAOM calib_level=-1 NIRISS GR700XD for planned; queried 2026-10-09","NASA Exoplanet Archive pscomppars st_teff, queried 2026-10-09"
TOI-700,"TOI-700 [1.9""]",3459.0,65.00,-65.00,Gilbert et al. 2023,executed,6193(GO),,2,PUBLIC,6193:1 2025-03-28 9.1h eph[T:d@0.51(n=0)] nexolist[Transit(Archived)] | 6193:2 2025-04-06 8.38h eph[T:e@0.58(n=0)] nexolist[Transit(Archived)],GO 6193 obs1 Transit Archived | GO 6193 obs2 Transit Archived,"MAST JWST mission search (search/jwst/api/v0.1, exp_type=NIS_SOSS) for executed; MAST CAOM calib_level=-1 NIRISS GR700XD for planned; queried 2026-10-09","NASA Exoplanet Archive pscomppars st_teff, queried 2026-10-09"
K2-18,"K2-18 [1.2""]",3457.0,39.00,-39.00,Sarkis et al. 2018,executed,2722(GO),,1,PUBLIC,2722:3 2023-06-01 4.95h eph[T:b@0.43(n=86)] nexolist[Transit(Archived)],GO 2722 obs3 Transit Archived,"MAST JWST mission search (search/jwst/api/v0.1, exp_type=NIS_SOSS) for executed; MAST CAOM calib_level=-1 NIRISS GR700XD for planned; queried 2026-10-09","NASA Exoplanet Archive pscomppars st_teff, queried 2026-10-09"
L 98-59,"L-98-59 [2.7""]; L98-59 [2.6""]",3415.0,60.00,-60.00,Cadieux et al. 2025,executed,1201(GTO);4098(GO),,3,PUBLIC,1201:302 2025-03-02 3.79h eph[T:c@0.71(n=642)] nexolist[Transit(Archived)] | 1201:311 2022-12-28 3.39h eph[T:d@0.46(n=212)] nexolist[Transit(Archived)] | 4098:1 2023-12-28 3.39h eph[T:d@0.51(n=261)] nexolist[Transit(Archived)],GO 4098 obs1 Transit Archived | GTO 1201 obs301 Transit Failed - Archived | GTO 1201 obs302 Transit Archived | GTO 1201 obs311 Transit Archived,"MAST JWST mission search (search/jwst/api/v0.1, exp_type=NIS_SOSS) for executed; MAST CAOM calib_level=-1 NIRISS GR700XD for planned; queried 2026-10-09","NASA Exoplanet Archive pscomppars st_teff, queried 2026-10-09"
TOI-1468,"TOI-1468 [2.1""]",3376.0,45.00,-44.00,Meier Vald&eacute;s et al. 2025,executed,3557(GO),,1,PUBLIC,3557:7 2024-12-01 3.76h eph[T:c@0.61(n=121)] nexolist[Transit(Archived)],GO 3557 obs7 Transit Archived,"MAST JWST mission search (search/jwst/api/v0.1, exp_type=NIS_SOSS) for executed; MAST CAOM calib_level=-1 NIRISS GR700XD for planned; queried 2026-10-09","NASA Exoplanet Archive pscomppars st_teff, queried 2026-10-09"
LTT 3780,"LTT-3780 [3.7""]",3358.0,92.00,-92.00,Bonfanti et al. 2024,executed,3557(GO),,1,PUBLIC,3557:4 2024-04-20 3.1h eph[E:b@0.72(n=1060);T:c@0.70(n=67)] nexolist[Transit(Archived)],GO 3557 obs4 Transit Archived,"MAST JWST mission search (search/jwst/api/v0.1, exp_type=NIS_SOSS) for executed; MAST CAOM calib_level=-1 NIRISS GR700XD for planned; queried 2026-10-09","NASA Exoplanet Archive pscomppars st_teff, queried 2026-10-09"
GJ 486,"WOLF-437 [11.0""]",3317.0,36.00,-37.00,Weiner Mansfield et al. 2024,executed,5866(GO),,3,PUBLIC,5866:1 2025-06-01 3.55h eph[T:b@0.63(n=606)] nexolist[Transit(Archived)] | 5866:2 2025-05-28 3.55h eph[T:b@0.64(n=603)] nexolist[Transit(Archived)] | 5866:3 2025-06-03 3.55h eph[T:b@0.63(n=607)] nexolist[Transit(Archived)],GO 5866 obs1 Transit Archived | GO 5866 obs2 Transit Archived | GO 5866 obs3 Transit Archived,"MAST JWST mission search (search/jwst/api/v0.1, exp_type=NIS_SOSS) for executed; MAST CAOM calib_level=-1 NIRISS GR700XD for planned; queried 2026-10-09","NASA Exoplanet Archive pscomppars st_teff, queried 2026-10-09"
TOI-4336 A,"TOI-4336 [1.7""]",3307.0,94.00,-94.00,Parc et al. 2026,executed,4711(GO),,1,PUBLIC,4711:1 2025-06-28 6.46h eph[T:b@0.55(n=93)] nexolist[Transit(Archived)],GO 4711 obs1 Transit Archived,"MAST JWST mission search (search/jwst/api/v0.1, exp_type=NIS_SOSS) for executed; MAST CAOM calib_level=-1 NIRISS GR700XD for planned; queried 2026-10-09","NASA Exoplanet Archive pscomppars st_teff, queried 2026-10-09"
TOI-3884,"TOI-3884 [1.9""]; TOI-3884b [1.8""]",3180.0,88.00,-88.00,Libby-Roberts et al. 2023,executed,5799(GO);5863(GO),,4,PUBLIC,5799:1 2025-06-02 5.39h eph[T:b@0.68(n=280)] nexolist[Transit(Archived)] | 5799:2 2025-06-15 5.39h eph[T:b@0.68(n=283)] nexolist[Transit(Archived)] | 5863:1 2024-12-16 4.39h eph[T:b@0.75(n=243)] nexolist[Transit(Archived)] | 5863:3 2024-12-25 4.39h eph[T:b@0.57(n=245)] nexolist[Transit(Archived)],GO 5799 obs1 Transit Archived | GO 5799 obs2 Transit Archived | GO 5863 obs1 Transit Archived | GO 5863 obs3 Transit Archived,"MAST JWST mission search (search/jwst/api/v0.1, exp_type=NIS_SOSS) for executed; MAST CAOM calib_level=-1 NIRISS GR700XD for planned; queried 2026-10-09","NASA Exoplanet Archive pscomppars st_teff, queried 2026-10-09"
LHS 1140,"LHS1140 [4.8""]; LHS-1140 [6.8""]; planned: LHS-1140 [10.5""]",3096.0,48.00,-48.00,Cadieux et al. 2024,executed,6543(DD);7073(GO),7073(GO),5,PUBLIC,6543:1 2023-12-01 5.86h eph[T:b@0.62(n=76)] nexolist[Transit(Archived)] | 6543:2 2023-12-26 5.86h eph[T:b@0.61(n=77);T:c@0.67(n=507)] nexolist[Transit(Archived)] | 7073:21 2025-08-10 5.12h eph[T:b@0.59(n=101)] nexolist[Transit(Archived)] | 7073:22 2026-07-23 5.12h eph[T:b@0.58(n=115)] nexolist[Transit(Archived)] | 7073:31 2025-07-26 4.23h eph[T:c@0.61(n=660)] nexolist[Transit(Archived)],DD 6543 obs1 Transit Archived | DD 6543 obs2 Transit Archived | GO 7073 obs21 Transit Archived | GO 7073 obs22 Transit Archived | GO 7073 obs23 Transit Flight Ready | GO 7073 obs31 Transit Archived,"MAST JWST mission search (search/jwst/api/v0.1, exp_type=NIS_SOSS) for executed; MAST CAOM calib_level=-1 NIRISS GR700XD for planned; queried 2026-10-09","NASA Exoplanet Archive pscomppars st_teff, queried 2026-10-09"
TRAPPIST-1,"TRAPPIST-1 [8.7""]",2566.0,26.00,-26.00,Agol et al. 2021,executed,1201(GTO);2589(GO),,9,PUBLIC,1201:101 2022-10-28 3.51h eph[T:d@0.63(n=546)] nexolist[Transit(Archived)] | 1201:102 2023-07-03 3.51h eph[T:b@0.95(n=1858)] nexolist[Transit(Archived)] | 1201:103 2023-07-22 3.51h eph[T:c@0.34(n=1183)] nexolist[Transit(Archived)] | 1201:104 2023-06-24 3.51h eph[none-predicted] nexolist[Transit(Archived)] | 1201:105 2023-06-15 3.51h eph[T:g@0.47(n=198)] nexolist[Transit(Archived)] | 2589:1 2022-07-18 4.73h eph[T:b@0.16(n=1626)] nexolist[Transit(Archived)] | 2589:2 2022-07-20 4.73h eph[T:b@0.16(n=1627)] nexolist[Transit(Archived)] | 2589:3 2022-10-28 4.9h eph[none-predicted] nexolist[Transit(Archived)] | 2589:4 2023-10-31 4.9h eph[T:d@0.57(n=637);T:f@0.50(n=280)] nexolist[Transit(Archived)],GO 2589 obs1 Transit Archived | GO 2589 obs2 Transit Archived | GO 2589 obs3 Transit Archived | GO 2589 obs4 Transit Archived | GTO 1201 obs101 Transit Archived | GTO 1201 obs102 Transit Archived | GTO 1201 obs103 Transit Archived | GTO 1201 obs104 Transit Archived | GTO 1201 obs105 Transit Archived,"MAST JWST mission search (search/jwst/api/v0.1, exp_type=NIS_SOSS) for executed; MAST CAOM calib_level=-1 NIRISS GR700XD for planned; queried 2026-10-09","NASA Exoplanet Archive pscomppars st_teff, queried 2026-10-09"
KELT-9,"; planned: KELT-9 [0.4""]",9270.0,240.00,-180.00,Borsa et al. 2019,planned_only,,7255(GO),0,,,GO 7255 obs1 PhaseC Flight Ready | GO 7255 obs2 PhaseC Flight Ready,"MAST JWST mission search (search/jwst/api/v0.1, exp_type=NIS_SOSS) for executed; MAST CAOM calib_level=-1 NIRISS GR700XD for planned; queried 2026-10-09","NASA Exoplanet Archive pscomppars st_teff, queried 2026-10-09"
HIP 41378,"; planned: BD+10-1799 [0.7""]",6290.0,77.00,-77.00,Lund et al. 2019,planned_only,,11253(GO),0,,,GO 11253 obs1 Transit Implementation,"MAST JWST mission search (search/jwst/api/v0.1, exp_type=NIS_SOSS) for executed; MAST CAOM calib_level=-1 NIRISS GR700XD for planned; queried 2026-10-09","NASA Exoplanet Archive pscomppars st_teff, queried 2026-10-09"
KELT-4 A,"; planned: KELT-4 [0.3""]",6206.0,75.00,-75.00,Eastman et al. 2016,planned_only,,9709(GO),0,,,GO 9709 obs14 Transit Implementation,"MAST JWST mission search (search/jwst/api/v0.1, exp_type=NIS_SOSS) for executed; MAST CAOM calib_level=-1 NIRISS GR700XD for planned; queried 2026-10-09","NASA Exoplanet Archive pscomppars st_teff, queried 2026-10-09"
HD 209458,"; planned: HD-209458b [0.5""]",6091.0,10.00,-10.00,Stassun et al. 2017,planned_only,,9709(GO),0,,,GO 9709 obs13 Transit Implementation,"MAST JWST mission search (search/jwst/api/v0.1, exp_type=NIS_SOSS) for executed; MAST CAOM calib_level=-1 NIRISS GR700XD for planned; queried 2026-10-09","NASA Exoplanet Archive pscomppars st_teff, queried 2026-10-09"
WASP-193,"; planned: WASP-193 [0.8""]",6080.0,130.00,-130.00,Yee et al. 2025,planned_only,,9709(GO),0,,,GO 9709 obs6 Transit Implementation,"MAST JWST mission search (search/jwst/api/v0.1, exp_type=NIS_SOSS) for executed; MAST CAOM calib_level=-1 NIRISS GR700XD for planned; queried 2026-10-09","NASA Exoplanet Archive pscomppars st_teff, queried 2026-10-09"
WASP-131,"; planned: WASP-131 [0.2""]",5990.0,50.00,-50.00,Doyle et al. 2023,planned_only,,9709(GO),0,,,GO 9709 obs9 Transit Implementation,"MAST JWST mission search (search/jwst/api/v0.1, exp_type=NIS_SOSS) for executed; MAST CAOM calib_level=-1 NIRISS GR700XD for planned; queried 2026-10-09","NASA Exoplanet Archive pscomppars st_teff, queried 2026-10-09"
WASP-20,"; planned: WASP-20 [0.2""]",5940.0,100.00,-100.00,Kokori et al. 2023,planned_only,,9709(GO),0,,,GO 9709 obs11 Transit Implementation,"MAST JWST mission search (search/jwst/api/v0.1, exp_type=NIS_SOSS) for executed; MAST CAOM calib_level=-1 NIRISS GR700XD for planned; queried 2026-10-09","NASA Exoplanet Archive pscomppars st_teff, queried 2026-10-09"
TOI-1136,"; planned: TOI-1136 [0.2""]",5770.0,50.00,-50.00,Dai et al. 2023,planned_only,,10047(GO),0,,,GO 10047 obs5 Transit Implementation | GO 10047 obs7 Transit Implementation,"MAST JWST mission search (search/jwst/api/v0.1, exp_type=NIS_SOSS) for executed; MAST CAOM calib_level=-1 NIRISS GR700XD for planned; queried 2026-10-09","NASA Exoplanet Archive pscomppars st_teff, queried 2026-10-09"
TOI-6109,"; planned: TOI-6109 [0.6""]",5660.0,50.00,-50.00,Dattilo et al. 2025,planned_only,,10047(GO),0,,,GO 10047 obs1 Transit Implementation | GO 10047 obs3 Transit Implementation,"MAST JWST mission search (search/jwst/api/v0.1, exp_type=NIS_SOSS) for executed; MAST CAOM calib_level=-1 NIRISS GR700XD for planned; queried 2026-10-09","NASA Exoplanet Archive pscomppars st_teff, queried 2026-10-09"
HD 63935,"; planned: HD-63935 [0.0""]",5513.0,71.00,-73.00,MacDougall et al. 2023,planned_only,,11962(GO),0,,,GO 11962 obs3 Transit Implementation | GO 11962 obs4 Transit Implementation,"MAST JWST mission search (search/jwst/api/v0.1, exp_type=NIS_SOSS) for executed; MAST CAOM calib_level=-1 NIRISS GR700XD for planned; queried 2026-10-09","NASA Exoplanet Archive pscomppars st_teff, queried 2026-10-09"
TOI-1420,"; planned: TOI-1420 [0.9""]",5510.0,110.00,-110.00,Yoshida et al. 2023,planned_only,,9101(GO),0,,,GO 9101 obs8 Transit Implementation,"MAST JWST mission search (search/jwst/api/v0.1, exp_type=NIS_SOSS) for executed; MAST CAOM calib_level=-1 NIRISS GR700XD for planned; queried 2026-10-09","NASA Exoplanet Archive pscomppars st_teff, queried 2026-10-09"
KELT-11,"; planned: KELT-11 [1.7""]",5375.0,25.00,-25.00,Mounzer et al. 2022,planned_only,,9709(GO),0,,,GO 9709 obs8 Transit Implementation,"MAST JWST mission search (search/jwst/api/v0.1, exp_type=NIS_SOSS) for executed; MAST CAOM calib_level=-1 NIRISS GR700XD for planned; queried 2026-10-09","NASA Exoplanet Archive pscomppars st_teff, queried 2026-10-09"
TOI-1173,"; planned: TOI-1173b [1.7""]",5350.0,34.00,-34.00,Galarza et al. 2024,planned_only,,9709(GO),0,,,GO 9709 obs2 Transit Implementation,"MAST JWST mission search (search/jwst/api/v0.1, exp_type=NIS_SOSS) for executed; MAST CAOM calib_level=-1 NIRISS GR700XD for planned; queried 2026-10-09","NASA Exoplanet Archive pscomppars st_teff, queried 2026-10-09"
WASP-139,"; planned: WASP-139 [0.4""]",5310.0,90.00,-90.00,Hellier et al. 2017,planned_only,,11779(GO),0,,,GO 11779 obs11 Transit Implementation,"MAST JWST mission search (search/jwst/api/v0.1, exp_type=NIS_SOSS) for executed; MAST CAOM calib_level=-1 NIRISS GR700XD for planned; queried 2026-10-09","NASA Exoplanet Archive pscomppars st_teff, queried 2026-10-09"
HD 110067,"; planned: HD-110067 [2.1""]",5266.0,64.00,-64.00,Luque et al. 2023,planned_only,,10047(GO),0,,,GO 10047 obs11 Transit Implementation | GO 10047 obs13 Transit Implementation | GO 10047 obs9 Transit Implementation,"MAST JWST mission search (search/jwst/api/v0.1, exp_type=NIS_SOSS) for executed; MAST CAOM calib_level=-1 NIRISS GR700XD for planned; queried 2026-10-09","NASA Exoplanet Archive pscomppars st_teff, queried 2026-10-09"
55 Cnc,"; planned: -rho01-Cnc [8.4""]; 55-Cnc-e [8.4""]",5198.0,31.00,-31.00,Moutou et al. 2026,planned_only,,12237(GO);9825(GO),0,,,GO 12237 obs1 Transit Implementation | GO 9825 obs1 Eclipse Implementation | GO 9825 obs2 Eclipse On Hold (Inactive) | GO 9825 obs3 Eclipse On Hold (Inactive) | GO 9825 obs4 Eclipse On Hold (Inactive) | GO 9825 obs5 Eclipse On Hold (Inactive),"MAST JWST mission search (search/jwst/api/v0.1, exp_type=NIS_SOSS) for executed; MAST CAOM calib_level=-1 NIRISS GR700XD for planned; queried 2026-10-09","NASA Exoplanet Archive pscomppars st_teff, queried 2026-10-09"
TOI-216,"; planned: TOI-216 [0.9""]",5026.0,125.00,-125.00,Kokori et al. 2023,planned_only,,7982(GO),0,,,,"MAST JWST mission search (search/jwst/api/v0.1, exp_type=NIS_SOSS) for executed; MAST CAOM calib_level=-1 NIRISS GR700XD for planned; queried 2026-10-09","NASA Exoplanet Archive pscomppars st_teff, queried 2026-10-09"
TOI-2374,"; planned: TOI-2374 [0.5""]",5002.0,65.00,-64.00,Yee et al. 2025,planned_only,,11779(GO),0,,,GO 11779 obs7 Transit Implementation,"MAST JWST mission search (search/jwst/api/v0.1, exp_type=NIS_SOSS) for executed; MAST CAOM calib_level=-1 NIRISS GR700XD for planned; queried 2026-10-09","NASA Exoplanet Archive pscomppars st_teff, queried 2026-10-09"
TOI-181,"; planned: TOI-181 [1.7""]",4994.0,50.00,-50.00,Mistry et al. 2023,planned_only,,11779(GO),0,,,GO 11779 obs5 Transit Implementation,"MAST JWST mission search (search/jwst/api/v0.1, exp_type=NIS_SOSS) for executed; MAST CAOM calib_level=-1 NIRISS GR700XD for planned; queried 2026-10-09","NASA Exoplanet Archive pscomppars st_teff, queried 2026-10-09"
TOI-1823,"; planned: TOI-1823 [2.2""]",4927.0,58.00,-57.00,MacDougall et al. 2023,planned_only,,11779(GO),0,,,GO 11779 obs14 Transit Implementation,"MAST JWST mission search (search/jwst/api/v0.1, exp_type=NIS_SOSS) for executed; MAST CAOM calib_level=-1 NIRISS GR700XD for planned; queried 2026-10-09","NASA Exoplanet Archive pscomppars st_teff, queried 2026-10-09"
TOI-2134,"; planned: TOI-2134_c [4.5""]",4580.0,50.00,-50.00,Rescigno et al. 2026,planned_only,,9709(GO),0,,,GO 9709 obs4 Transit Implementation,"MAST JWST mission search (search/jwst/api/v0.1, exp_type=NIS_SOSS) for executed; MAST CAOM calib_level=-1 NIRISS GR700XD for planned; queried 2026-10-09","NASA Exoplanet Archive pscomppars st_teff, queried 2026-10-09"
TOI-178,"; planned: TOI-178 [2.7""]",4316.0,70.00,-70.00,Leleu et al. 2024,planned_only,,10047(GO),0,,,GO 10047 obs15 Transit Implementation | GO 10047 obs16 Transit Implementation,"MAST JWST mission search (search/jwst/api/v0.1, exp_type=NIS_SOSS) for executed; MAST CAOM calib_level=-1 NIRISS GR700XD for planned; queried 2026-10-09","NASA Exoplanet Archive pscomppars st_teff, queried 2026-10-09"
IRAS 04125+2902,"; planned: IRAS-04125+2902 [0.0""]",4080.0,95.00,-95.00,Barber et al. 2024,planned_only,,8597(GO),0,,,GO 8597 obs1 Transit Implementation,"MAST JWST mission search (search/jwst/api/v0.1, exp_type=NIS_SOSS) for executed; MAST CAOM calib_level=-1 NIRISS GR700XD for planned; queried 2026-10-09","NASA Exoplanet Archive pscomppars st_teff, queried 2026-10-09"
