host,mast_target_names,match_sep_arcsec,st_teff_K,st_tefferr1,st_tefferr2,st_teff_ref,st_spectype,status,data_rights_executed,programs_executed,programs_planned,n_obs_executed,n_obs_planned,events_executed,events_planned,executed_transit_noncal,executed_transit_any,first_obs_utc,last_obs_utc,teff_source,obs_source
WASP-189,HD-133112,0.5,8000.0,80.00,-80.00,Lendl et al. 2020,,executed,PUBLIC,3279(GO),,1,0,Transit,,1,1,2024-03-05,2024-03-05,NASA Exoplanet Archive pscomppars st_teff (queried 2026-10-09),"MAST CAOM (Mast.Caom.Filtered, filters CLEAR;GR700XD|F277W;GR700XD) + MAST JWST (Mast.Jwst.Filtered.Niriss exp_type=NIS_SOSS); events from Exoplanet Archive nexolist + ephemeris check"
KELT-7,KELT-7,0.5,6768.0,7.00,-7.00,Stassun et al. 2017,F,executed,PUBLIC,5924(GO),,1,0,Transit,,1,1,2025-02-15,2025-02-15,NASA Exoplanet Archive pscomppars st_teff (queried 2026-10-09),"MAST CAOM (Mast.Caom.Filtered, filters CLEAR;GR700XD|F277W;GR700XD) + MAST JWST (Mast.Jwst.Filtered.Niriss exp_type=NIS_SOSS); events from Exoplanet Archive nexolist + ephemeris check"
WASP-121,WASP-121,0.2,6628.0,66.00,-66.00,Sing et al. 2024,F6 V,executed,PUBLIC,1201(GTO),,1,0,PhaseC,,0,0,2023-10-26,2023-10-26,NASA Exoplanet Archive pscomppars st_teff (queried 2026-10-09),"MAST CAOM (Mast.Caom.Filtered, filters CLEAR;GR700XD|F277W;GR700XD) + MAST JWST (Mast.Jwst.Filtered.Niriss exp_type=NIS_SOSS); events from Exoplanet Archive nexolist + ephemeris check"
HAT-P-14,HAT-P-14,0.0,6600.0,90.00,-90.00,Stassun et al. 2017,F5 V,executed,PUBLIC,1541(COM),,1,0,Transit,,1,1,2022-06-08,2022-06-08,NASA Exoplanet Archive pscomppars st_teff (queried 2026-10-09),"MAST CAOM (Mast.Caom.Filtered, filters CLEAR;GR700XD|F277W;GR700XD) + MAST JWST (Mast.Jwst.Filtered.Niriss exp_type=NIS_SOSS); events from Exoplanet Archive nexolist + ephemeris check"
WASP-17,WASP-17,0.1,6550.0,100.00,-100.00,Stassun et al. 2017,F4,executed,PUBLIC,1353(GTO),,3,0,Eclipse;Transit,,1,1,2023-02-18,2023-03-22,NASA Exoplanet Archive pscomppars st_teff (queried 2026-10-09),"MAST CAOM (Mast.Caom.Filtered, filters CLEAR;GR700XD|F277W;GR700XD) + MAST JWST (Mast.Jwst.Filtered.Niriss exp_type=NIS_SOSS); events from Exoplanet Archive nexolist + ephemeris check"
NGTS-2,NGTS-2,0.2,6478.0,94.00,-89.00,Raynard et al. 2018,F5 V,executed,PUBLIC,5924(GO),,1,0,Transit,,1,1,2025-06-27,2025-06-27,NASA Exoplanet Archive pscomppars st_teff (queried 2026-10-09),"MAST CAOM (Mast.Caom.Filtered, filters CLEAR;GR700XD|F277W;GR700XD) + MAST JWST (Mast.Jwst.Filtered.Niriss exp_type=NIS_SOSS); events from Exoplanet Archive nexolist + ephemeris check"
WASP-18,WASP-18,0.4,6432.0,48.00,-48.00,Cort&eacute;s-Zuleta et al. 2020,F6 IV-V,executed,PUBLIC,1366(ERS);12564(CAL),,2,0,Eclipse;Transit,,0,1,2022-08-11,2026-07-29,NASA Exoplanet Archive pscomppars st_teff (queried 2026-10-09),"MAST CAOM (Mast.Caom.Filtered, filters CLEAR;GR700XD|F277W;GR700XD) + MAST JWST (Mast.Jwst.Filtered.Niriss exp_type=NIS_SOSS); events from Exoplanet Archive nexolist + ephemeris check"
WASP-76,WASP-76,0.6,6329.0,65.00,-65.00,Ehrenreich et al. 2020,F7,executed,PUBLIC,5924(GO),,1,0,Transit,,1,1,2025-08-21,2025-08-21,NASA Exoplanet Archive pscomppars st_teff (queried 2026-10-09),"MAST CAOM (Mast.Caom.Filtered, filters CLEAR;GR700XD|F277W;GR700XD) + MAST JWST (Mast.Jwst.Filtered.Niriss exp_type=NIS_SOSS); events from Exoplanet Archive nexolist + ephemeris check"
HAT-P-30,HAT-P-30,0.3,6304.0,88.00,-88.00,Stassun et al. 2017,F7,executed,PUBLIC,5924(GO),,1,0,Transit,,1,1,2025-03-31,2025-03-31,NASA Exoplanet Archive pscomppars st_teff (queried 2026-10-09),"MAST CAOM (Mast.Caom.Filtered, filters CLEAR;GR700XD|F277W;GR700XD) + MAST JWST (Mast.Jwst.Filtered.Niriss exp_type=NIS_SOSS); events from Exoplanet Archive nexolist + ephemeris check"
WASP-94 A,WASP-94A,0.5,6170.0,80.00,-80.00,Stassun et al. 2017,F8,executed,PUBLIC,5924(GO),,1,0,Transit,,1,1,2024-10-12,2024-10-12,NASA Exoplanet Archive pscomppars st_teff (queried 2026-10-09),"MAST CAOM (Mast.Caom.Filtered, filters CLEAR;GR700XD|F277W;GR700XD) + MAST JWST (Mast.Jwst.Filtered.Niriss exp_type=NIS_SOSS); events from Exoplanet Archive nexolist + ephemeris check"
WASP-166,WASP-166,0.5,6050.0,50.00,-50.00,Hellier et al. 2019,F9 V,executed,PUBLIC,2062(GO),,1,0,Transit,,1,1,2023-12-31,2023-12-31,NASA Exoplanet Archive pscomppars st_teff (queried 2026-10-09),"MAST CAOM (Mast.Caom.Filtered, filters CLEAR;GR700XD|F277W;GR700XD) + MAST JWST (Mast.Jwst.Filtered.Niriss exp_type=NIS_SOSS); events from Exoplanet Archive nexolist + ephemeris check"
HAT-P-1,ADS 16402A;HATP1,0.4,5980.0,49.00,-49.00,Nikolov et al. 2014,G0 V,executed,PUBLIC,1201(GTO),,2,0,Eclipse;Transit,,1,1,2022-07-12,2023-07-20,NASA Exoplanet Archive pscomppars st_teff (queried 2026-10-09),"MAST CAOM (Mast.Caom.Filtered, filters CLEAR;GR700XD|F277W;GR700XD) + MAST JWST (Mast.Jwst.Filtered.Niriss exp_type=NIS_SOSS); events from Exoplanet Archive nexolist + ephemeris check"
HAT-P-13,HAT-P-13,0.4,5653.0,90.00,-90.00,Yal&ccedil;&#x131;nkaya et al. 2024,G4,executed,EXCLUSIVE_ACCESS,8233(GO),,1,0,Transit,,1,1,2026-03-14,2026-03-14,NASA Exoplanet Archive pscomppars st_teff (queried 2026-10-09),"MAST CAOM (Mast.Caom.Filtered, filters CLEAR;GR700XD|F277W;GR700XD) + MAST JWST (Mast.Jwst.Filtered.Niriss exp_type=NIS_SOSS); events from Exoplanet Archive nexolist + ephemeris check"
WASP-127,WASP-127,0.2,5620.0,85.00,-85.00,Boehm et al. 2025,,executed,PUBLIC,1201(GTO),,1,0,Transit,,1,1,2023-12-03,2023-12-03,NASA Exoplanet Archive pscomppars st_teff (queried 2026-10-09),"MAST CAOM (Mast.Caom.Filtered, filters CLEAR;GR700XD|F277W;GR700XD) + MAST JWST (Mast.Jwst.Filtered.Niriss exp_type=NIS_SOSS); events from Exoplanet Archive nexolist + ephemeris check"
WASP-63,CD-38-2551,0.3,5550.0,100.00,-100.00,Stassun et al. 2017,,executed,PUBLIC,2113(GO),,1,0,Transit,,1,1,2023-09-28,2023-09-28,NASA Exoplanet Archive pscomppars st_teff (queried 2026-10-09),"MAST CAOM (Mast.Caom.Filtered, filters CLEAR;GR700XD|F277W;GR700XD) + MAST JWST (Mast.Jwst.Filtered.Niriss exp_type=NIS_SOSS); events from Exoplanet Archive nexolist + ephemeris check"
WASP-96,WASP-96,0.2,5540.0,140.00,-140.00, Hellier et al. 2014 ,G8,executed,PUBLIC,2734(COM),,1,0,Transit,,1,1,2022-06-21,2022-06-21,NASA Exoplanet Archive pscomppars st_teff (queried 2026-10-09),"MAST CAOM (Mast.Caom.Filtered, filters CLEAR;GR700XD|F277W;GR700XD) + MAST JWST (Mast.Jwst.Filtered.Niriss exp_type=NIS_SOSS); events from Exoplanet Archive nexolist + ephemeris check"
TOI-451,CD-38-1467-copy,0.2,5490.0,115.00,-115.00,Barrag&aacute;n et al. 2026,G8 V,executed,PUBLIC,5959(GO),,2,0,Transit,,1,1,2024-12-30,2025-01-25,NASA Exoplanet Archive pscomppars st_teff (queried 2026-10-09),"MAST CAOM (Mast.Caom.Filtered, filters CLEAR;GR700XD|F277W;GR700XD) + MAST JWST (Mast.Jwst.Filtered.Niriss exp_type=NIS_SOSS); events from Exoplanet Archive nexolist + ephemeris check"
WASP-39,WASP-39,0.1,5485.0,50.00,-50.00,Mancini et al. 2018,,executed,PUBLIC,1366(ERS),,1,0,Transit,,1,1,2022-07-26,2022-07-26,NASA Exoplanet Archive pscomppars st_teff (queried 2026-10-09),"MAST CAOM (Mast.Caom.Filtered, filters CLEAR;GR700XD|F277W;GR700XD) + MAST JWST (Mast.Jwst.Filtered.Niriss exp_type=NIS_SOSS); events from Exoplanet Archive nexolist + ephemeris check"
LTT 9779,LTT-9779,1.8,5443.0,14.00,-13.00,Jenkins et al. 2020,G7 V,executed,PUBLIC,1201(GTO),,1,0,PhaseC,,0,0,2022-07-07,2022-07-07,NASA Exoplanet Archive pscomppars st_teff (queried 2026-10-09),"MAST CAOM (Mast.Caom.Filtered, filters CLEAR;GR700XD|F277W;GR700XD) + MAST JWST (Mast.Jwst.Filtered.Niriss exp_type=NIS_SOSS); events from Exoplanet Archive nexolist + ephemeris check"
TOI-421,TOI-421,1.0,5291.0,64.00,-64.00,Krenn et al. 2024,G9 V,executed,PUBLIC,1935(GO),11672(GO),1,1,Transit,Transit,1,1,2023-11-06,2023-11-06,NASA Exoplanet Archive pscomppars st_teff (queried 2026-10-09),"MAST CAOM (Mast.Caom.Filtered, filters CLEAR;GR700XD|F277W;GR700XD) + MAST JWST (Mast.Jwst.Filtered.Niriss exp_type=NIS_SOSS); events from Exoplanet Archive nexolist + ephemeris check"
TOI-2076,BD+40-2790,1.2,5187.0,54.00,-53.00,Kokori et al. 2023,K V,executed,PUBLIC,5959(GO),,3,0,Transit,,1,1,2025-01-18,2025-06-23,NASA Exoplanet Archive pscomppars st_teff (queried 2026-10-09),"MAST CAOM (Mast.Caom.Filtered, filters CLEAR;GR700XD|F277W;GR700XD) + MAST JWST (Mast.Jwst.Filtered.Niriss exp_type=NIS_SOSS); events from Exoplanet Archive nexolist + ephemeris check"
HAT-P-26,HAT-P-26,1.2,5079.0,88.00,-88.00,Stassun et al. 2017,K1,executed,PUBLIC,1312(GTO),,1,0,Transit,,1,1,2023-07-02,2023-07-02,NASA Exoplanet Archive pscomppars st_teff (queried 2026-10-09),"MAST CAOM (Mast.Caom.Filtered, filters CLEAR;GR700XD|F277W;GR700XD) + MAST JWST (Mast.Jwst.Filtered.Niriss exp_type=NIS_SOSS); events from Exoplanet Archive nexolist + ephemeris check"
NGTS-11,NGTS-11,0.2,5050.0,80.00,-80.00,Gill et al. 2020,K,executed,EXCLUSIVE_ACCESS,7982(GO),,1,0,Transit,,1,1,2026-08-09,2026-08-09,NASA Exoplanet Archive pscomppars st_teff (queried 2026-10-09),"MAST CAOM (Mast.Caom.Filtered, filters CLEAR;GR700XD|F277W;GR700XD) + MAST JWST (Mast.Jwst.Filtered.Niriss exp_type=NIS_SOSS); events from Exoplanet Archive nexolist + ephemeris check"
WASP-52,WASP-52,0.3,5000.0,100.00,-100.00, Hebrard et al. 2013 ,K2 V,executed,PUBLIC,1201(GTO),,1,0,Transit,,1,1,2022-11-27,2022-11-27,NASA Exoplanet Archive pscomppars st_teff (queried 2026-10-09),"MAST CAOM (Mast.Caom.Filtered, filters CLEAR;GR700XD|F277W;GR700XD) + MAST JWST (Mast.Jwst.Filtered.Niriss exp_type=NIS_SOSS); events from Exoplanet Archive nexolist + ephemeris check"
V1298 Tau,V-V1298-Tau,0.2,4970.0,120.00,-120.00,Livingston et al. 2026,K1,executed,EXCLUSIVE_ACCESS;PUBLIC,5959(GO);11831(GO),11831(GO),4,1,Transit,Transit,1,1,2025-09-06,2026-09-07,NASA Exoplanet Archive pscomppars st_teff (queried 2026-10-09),"MAST CAOM (Mast.Caom.Filtered, filters CLEAR;GR700XD|F277W;GR700XD) + MAST JWST (Mast.Jwst.Filtered.Niriss exp_type=NIS_SOSS); events from Exoplanet Archive nexolist + ephemeris check"
HAT-P-18,HAT-P-18,0.3,4870.0,50.00,-50.00,Esposito et al. 2014,K2,executed,PUBLIC,2734(COM),,1,0,Transit,,1,1,2022-06-13,2022-06-13,NASA Exoplanet Archive pscomppars st_teff (queried 2026-10-09),"MAST CAOM (Mast.Caom.Filtered, filters CLEAR;GR700XD|F277W;GR700XD) + MAST JWST (Mast.Jwst.Filtered.Niriss exp_type=NIS_SOSS); events from Exoplanet Archive nexolist + ephemeris check"
WASP-69,WASP-69,1.0,4792.0,158.00,-158.00,Allart et al. 2025,K,executed,PUBLIC,5924(GO),,1,0,Transit,,1,1,2025-05-04,2025-05-04,NASA Exoplanet Archive pscomppars st_teff (queried 2026-10-09),"MAST CAOM (Mast.Caom.Filtered, filters CLEAR;GR700XD|F277W;GR700XD) + MAST JWST (Mast.Jwst.Filtered.Niriss exp_type=NIS_SOSS); events from Exoplanet Archive nexolist + ephemeris check"
HAT-P-11,HAT-P-11,2.7,4653.0,33.00,-35.00,Bourrier et al. 2023,K4,executed,PUBLIC,5924(GO),,1,0,Transit,,1,1,2025-08-08,2025-08-08,NASA Exoplanet Archive pscomppars st_teff (queried 2026-10-09),"MAST CAOM (Mast.Caom.Filtered, filters CLEAR;GR700XD|F277W;GR700XD) + MAST JWST (Mast.Jwst.Filtered.Niriss exp_type=NIS_SOSS); events from Exoplanet Archive nexolist + ephemeris check"
HAT-P-12,HAT-P-12,1.1,4650.0,60.00,-60.00, Hartman et al. 2009 ,K4,executed,PUBLIC,1281(GTO),,1,0,Transit,,1,1,2023-06-20,2023-06-20,NASA Exoplanet Archive pscomppars st_teff (queried 2026-10-09),"MAST CAOM (Mast.Caom.Filtered, filters CLEAR;GR700XD|F277W;GR700XD) + MAST JWST (Mast.Jwst.Filtered.Niriss exp_type=NIS_SOSS); events from Exoplanet Archive nexolist + ephemeris check"
WASP-107,WASP-107,0.8,4425.0,70.00,-70.00,Howard et al. 2025,K6,executed,PUBLIC,1201(GTO),,1,0,Transit,,1,1,2023-06-11,2023-06-11,NASA Exoplanet Archive pscomppars st_teff (queried 2026-10-09),"MAST CAOM (Mast.Caom.Filtered, filters CLEAR;GR700XD|F277W;GR700XD) + MAST JWST (Mast.Jwst.Filtered.Niriss exp_type=NIS_SOSS); events from Exoplanet Archive nexolist + ephemeris check"
TOI-1130,TOI-1130,0.3,4360.0,108.00,-108.00,Borsato et al. 2024,K6-K7,executed,PUBLIC,3385(GO),,2,0,Transit,,1,1,2024-08-24,2024-09-07,NASA Exoplanet Archive pscomppars st_teff (queried 2026-10-09),"MAST CAOM (Mast.Caom.Filtered, filters CLEAR;GR700XD|F277W;GR700XD) + MAST JWST (Mast.Jwst.Filtered.Niriss exp_type=NIS_SOSS); events from Exoplanet Archive nexolist + ephemeris check"
GJ 9827,GJ9827,3.6,4236.0,12.00,-12.00,Passegger et al. 2024,K7 V,executed,PUBLIC,4098(GO),,2,0,Transit,,1,1,2023-11-10,2023-11-16,NASA Exoplanet Archive pscomppars st_teff (queried 2026-10-09),"MAST CAOM (Mast.Caom.Filtered, filters CLEAR;GR700XD|F277W;GR700XD) + MAST JWST (Mast.Jwst.Filtered.Niriss exp_type=NIS_SOSS); events from Exoplanet Archive nexolist + ephemeris check"
WASP-80,WASP-80,1.3,4143.0,92.00,-94.00,Triaud et al. 2015,K7-M0 V,executed,PUBLIC,1201(GTO);5924(GO),,2,0,Eclipse;Transit,,1,1,2023-10-26,2024-10-20,NASA Exoplanet Archive pscomppars st_teff (queried 2026-10-09),"MAST CAOM (Mast.Caom.Filtered, filters CLEAR;GR700XD|F277W;GR700XD) + MAST JWST (Mast.Jwst.Filtered.Niriss exp_type=NIS_SOSS); events from Exoplanet Archive nexolist + ephemeris check"
TOI-1801,TOI-1801,2.2,3863.0,77.00,-77.00,Mallorqu&iacute;n et al. 2023,M0.5+/-0.5 V,executed,EXCLUSIVE_ACCESS,6932(GO),,3,0,Transit,,1,1,2026-01-12,2026-05-10,NASA Exoplanet Archive pscomppars st_teff (queried 2026-10-09),"MAST CAOM (Mast.Caom.Filtered, filters CLEAR;GR700XD|F277W;GR700XD) + MAST JWST (Mast.Jwst.Filtered.Niriss exp_type=NIS_SOSS); events from Exoplanet Archive nexolist + ephemeris check"
GJ 3090,GJ3090,1.2,3707.0,32.00,-32.00,Lamontagne et al. 2026,M2 V,executed,PUBLIC,4098(GO),,2,0,Transit,,1,1,2023-12-06,2024-07-04,NASA Exoplanet Archive pscomppars st_teff (queried 2026-10-09),"MAST CAOM (Mast.Caom.Filtered, filters CLEAR;GR700XD|F277W;GR700XD) + MAST JWST (Mast.Jwst.Filtered.Niriss exp_type=NIS_SOSS); events from Exoplanet Archive nexolist + ephemeris check"
LTT 1445 A,LTT-1445A,4.8,3562.0,83.00,-83.00,ExoFOP,M3.0,executed,PUBLIC,7073(GO),,4,0,Transit,,1,1,2026-01-21,2026-01-30,NASA Exoplanet Archive pscomppars st_teff (queried 2026-10-09),"MAST CAOM (Mast.Caom.Filtered, filters CLEAR;GR700XD|F277W;GR700XD) + MAST JWST (Mast.Jwst.Filtered.Niriss exp_type=NIS_SOSS); events from Exoplanet Archive nexolist + ephemeris check"
TOI-1231,TOI-1231,3.6,3553.0,51.00,-52.00,Burt et al. 2021,M3 V,executed,PUBLIC,3557(GO),,1,0,Transit,,1,1,2025-01-21,2025-01-21,NASA Exoplanet Archive pscomppars st_teff (queried 2026-10-09),"MAST CAOM (Mast.Caom.Filtered, filters CLEAR;GR700XD|F277W;GR700XD) + MAST JWST (Mast.Jwst.Filtered.Niriss exp_type=NIS_SOSS); events from Exoplanet Archive nexolist + ephemeris check"
TOI-674,TOI-674,1.8,3514.0,57.00,-57.00,Murgas et al. 2021,M2 V,executed,EXCLUSIVE_ACCESS,9095(GO),,1,0,Transit,,1,1,2026-05-09,2026-05-09,NASA Exoplanet Archive pscomppars st_teff (queried 2026-10-09),"MAST CAOM (Mast.Caom.Filtered, filters CLEAR;GR700XD|F277W;GR700XD) + MAST JWST (Mast.Jwst.Filtered.Niriss exp_type=NIS_SOSS); events from Exoplanet Archive nexolist + ephemeris check"
TOI-270,L-231-32;TOI-270,2.4,3506.0,70.00,-70.00,Kaye et al. 2022,M3 V,executed,PUBLIC,2759(GTO);4098(GO),,2,0,Transit,,1,1,2024-02-06,2024-08-06,NASA Exoplanet Archive pscomppars st_teff (queried 2026-10-09),"MAST CAOM (Mast.Caom.Filtered, filters CLEAR;GR700XD|F277W;GR700XD) + MAST JWST (Mast.Jwst.Filtered.Niriss exp_type=NIS_SOSS); events from Exoplanet Archive nexolist + ephemeris check"
GJ 357,GJ-357,8.4,3505.0,51.00,-51.00,Oddo et al. 2023,M2.5 V,executed,PUBLIC,1201(GTO),,1,0,Transit,,1,1,2023-11-22,2023-11-22,NASA Exoplanet Archive pscomppars st_teff (queried 2026-10-09),"MAST CAOM (Mast.Caom.Filtered, filters CLEAR;GR700XD|F277W;GR700XD) + MAST JWST (Mast.Jwst.Filtered.Niriss exp_type=NIS_SOSS); events from Exoplanet Archive nexolist + ephemeris check"
TOI-1685,TOI-1685,0.9,3470.0,102.00,-102.00,Egger et al. 2025,M3 V,executed,PUBLIC,4098(GO),,2,0,Transit,,1,1,2025-01-15,2025-01-16,NASA Exoplanet Archive pscomppars st_teff (queried 2026-10-09),"MAST CAOM (Mast.Caom.Filtered, filters CLEAR;GR700XD|F277W;GR700XD) + MAST JWST (Mast.Jwst.Filtered.Niriss exp_type=NIS_SOSS); events from Exoplanet Archive nexolist + ephemeris check"
TOI-700,TOI-700,1.9,3459.0,65.00,-65.00,Gilbert et al. 2023,M2.5 V,executed,PUBLIC,6193(GO),,2,0,Transit,,1,1,2025-03-28,2025-04-06,NASA Exoplanet Archive pscomppars st_teff (queried 2026-10-09),"MAST CAOM (Mast.Caom.Filtered, filters CLEAR;GR700XD|F277W;GR700XD) + MAST JWST (Mast.Jwst.Filtered.Niriss exp_type=NIS_SOSS); events from Exoplanet Archive nexolist + ephemeris check"
K2-18,K2-18,1.2,3457.0,39.00,-39.00,Sarkis et al. 2018,M2.5 V,executed,PUBLIC,2722(GO),,1,0,Transit,,1,1,2023-06-01,2023-06-01,NASA Exoplanet Archive pscomppars st_teff (queried 2026-10-09),"MAST CAOM (Mast.Caom.Filtered, filters CLEAR;GR700XD|F277W;GR700XD) + MAST JWST (Mast.Jwst.Filtered.Niriss exp_type=NIS_SOSS); events from Exoplanet Archive nexolist + ephemeris check"
L 98-59,L-98-59;L98-59,2.6,3415.0,60.00,-60.00,Cadieux et al. 2025,M3 V,executed,PUBLIC,1201(GTO);4098(GO),,3,0,Transit,,1,1,2022-12-28,2025-03-02,NASA Exoplanet Archive pscomppars st_teff (queried 2026-10-09),"MAST CAOM (Mast.Caom.Filtered, filters CLEAR;GR700XD|F277W;GR700XD) + MAST JWST (Mast.Jwst.Filtered.Niriss exp_type=NIS_SOSS); events from Exoplanet Archive nexolist + ephemeris check"
TOI-1468,TOI-1468,2.1,3376.0,45.00,-44.00,Meier Vald&eacute;s et al. 2025,M3.0 V,executed,PUBLIC,3557(GO),,1,0,Transit,,1,1,2024-12-01,2024-12-01,NASA Exoplanet Archive pscomppars st_teff (queried 2026-10-09),"MAST CAOM (Mast.Caom.Filtered, filters CLEAR;GR700XD|F277W;GR700XD) + MAST JWST (Mast.Jwst.Filtered.Niriss exp_type=NIS_SOSS); events from Exoplanet Archive nexolist + ephemeris check"
LTT 3780,LTT-3780,3.7,3358.0,92.00,-92.00,Bonfanti et al. 2024,M3.5 V,executed,PUBLIC,3557(GO),,1,0,Transit,,1,1,2024-04-20,2024-04-20,NASA Exoplanet Archive pscomppars st_teff (queried 2026-10-09),"MAST CAOM (Mast.Caom.Filtered, filters CLEAR;GR700XD|F277W;GR700XD) + MAST JWST (Mast.Jwst.Filtered.Niriss exp_type=NIS_SOSS); events from Exoplanet Archive nexolist + ephemeris check"
GJ 486,WOLF-437,11.0,3317.0,36.00,-37.00,Weiner Mansfield et al. 2024,M3.5 V,executed,PUBLIC,5866(GO),,3,0,Transit,,1,1,2025-05-28,2025-06-03,NASA Exoplanet Archive pscomppars st_teff (queried 2026-10-09),"MAST CAOM (Mast.Caom.Filtered, filters CLEAR;GR700XD|F277W;GR700XD) + MAST JWST (Mast.Jwst.Filtered.Niriss exp_type=NIS_SOSS); events from Exoplanet Archive nexolist + ephemeris check"
TOI-4336 A,TOI-4336,1.7,3307.0,94.00,-94.00,Parc et al. 2026,M3.5 V,executed,PUBLIC,4711(GO),,1,0,Transit,,1,1,2025-06-28,2025-06-28,NASA Exoplanet Archive pscomppars st_teff (queried 2026-10-09),"MAST CAOM (Mast.Caom.Filtered, filters CLEAR;GR700XD|F277W;GR700XD) + MAST JWST (Mast.Jwst.Filtered.Niriss exp_type=NIS_SOSS); events from Exoplanet Archive nexolist + ephemeris check"
TOI-3884,TOI-3884;TOI-3884b,1.8,3180.0,88.00,-88.00,Libby-Roberts et al. 2023,M4,executed,PUBLIC,5799(GO);5863(GO),,4,0,Transit,,1,1,2024-12-16,2025-06-15,NASA Exoplanet Archive pscomppars st_teff (queried 2026-10-09),"MAST CAOM (Mast.Caom.Filtered, filters CLEAR;GR700XD|F277W;GR700XD) + MAST JWST (Mast.Jwst.Filtered.Niriss exp_type=NIS_SOSS); events from Exoplanet Archive nexolist + ephemeris check"
LHS 1140,LHS-1140;LHS1140,4.8,3096.0,48.00,-48.00,Cadieux et al. 2024,M4.5 V,executed,PUBLIC,6543(DD);7073(GO),7073(GO),5,1,Transit,Transit,1,1,2023-12-01,2026-07-23,NASA Exoplanet Archive pscomppars st_teff (queried 2026-10-09),"MAST CAOM (Mast.Caom.Filtered, filters CLEAR;GR700XD|F277W;GR700XD) + MAST JWST (Mast.Jwst.Filtered.Niriss exp_type=NIS_SOSS); events from Exoplanet Archive nexolist + ephemeris check"
TRAPPIST-1,TRAPPIST-1,7.7,2566.0,26.00,-26.00,Agol et al. 2021,M8.0 V,executed,PUBLIC,1201(GTO);2589(GO),,9,0,Transit,,1,1,2022-07-18,2023-10-31,NASA Exoplanet Archive pscomppars st_teff (queried 2026-10-09),"MAST CAOM (Mast.Caom.Filtered, filters CLEAR;GR700XD|F277W;GR700XD) + MAST JWST (Mast.Jwst.Filtered.Niriss exp_type=NIS_SOSS); events from Exoplanet Archive nexolist + ephemeris check"
KELT-9,KELT-9,0.4,9270.0,240.00,-180.00,Borsa et al. 2019,A,planned_only,,,7255(GO),0,2,,PhaseC,0,0,,,NASA Exoplanet Archive pscomppars st_teff (queried 2026-10-09),"MAST CAOM (Mast.Caom.Filtered, filters CLEAR;GR700XD|F277W;GR700XD) + MAST JWST (Mast.Jwst.Filtered.Niriss exp_type=NIS_SOSS); events from Exoplanet Archive nexolist + ephemeris check"
HIP 41378,BD+10-1799,0.7,6290.0,77.00,-77.00,Lund et al. 2019,F6,planned_only,,,11253(GO),0,8,,Transit;unclassified,0,0,,,NASA Exoplanet Archive pscomppars st_teff (queried 2026-10-09),"MAST CAOM (Mast.Caom.Filtered, filters CLEAR;GR700XD|F277W;GR700XD) + MAST JWST (Mast.Jwst.Filtered.Niriss exp_type=NIS_SOSS); events from Exoplanet Archive nexolist + ephemeris check"
KELT-4 A,KELT-4,0.3,6206.0,75.00,-75.00,Eastman et al. 2016,F,planned_only,,,9709(GO),0,2,,Transit;unclassified,0,0,,,NASA Exoplanet Archive pscomppars st_teff (queried 2026-10-09),"MAST CAOM (Mast.Caom.Filtered, filters CLEAR;GR700XD|F277W;GR700XD) + MAST JWST (Mast.Jwst.Filtered.Niriss exp_type=NIS_SOSS); events from Exoplanet Archive nexolist + ephemeris check"
HD 209458,HD-209458b,0.5,6091.0,10.00,-10.00,Stassun et al. 2017,G0 V,planned_only,,,9709(GO),0,1,,Transit,0,0,,,NASA Exoplanet Archive pscomppars st_teff (queried 2026-10-09),"MAST CAOM (Mast.Caom.Filtered, filters CLEAR;GR700XD|F277W;GR700XD) + MAST JWST (Mast.Jwst.Filtered.Niriss exp_type=NIS_SOSS); events from Exoplanet Archive nexolist + ephemeris check"
WASP-193,WASP-193,0.8,6080.0,130.00,-130.00,Yee et al. 2025,F9,planned_only,,,9709(GO),0,1,,Transit,0,0,,,NASA Exoplanet Archive pscomppars st_teff (queried 2026-10-09),"MAST CAOM (Mast.Caom.Filtered, filters CLEAR;GR700XD|F277W;GR700XD) + MAST JWST (Mast.Jwst.Filtered.Niriss exp_type=NIS_SOSS); events from Exoplanet Archive nexolist + ephemeris check"
WASP-131,WASP-131,0.2,5990.0,50.00,-50.00,Doyle et al. 2023,G0,planned_only,,,9709(GO),0,1,,Transit,0,0,,,NASA Exoplanet Archive pscomppars st_teff (queried 2026-10-09),"MAST CAOM (Mast.Caom.Filtered, filters CLEAR;GR700XD|F277W;GR700XD) + MAST JWST (Mast.Jwst.Filtered.Niriss exp_type=NIS_SOSS); events from Exoplanet Archive nexolist + ephemeris check"
WASP-20,WASP-20,0.2,5940.0,100.00,-100.00,Kokori et al. 2023,F9,planned_only,,,9709(GO),0,1,,Transit,0,0,,,NASA Exoplanet Archive pscomppars st_teff (queried 2026-10-09),"MAST CAOM (Mast.Caom.Filtered, filters CLEAR;GR700XD|F277W;GR700XD) + MAST JWST (Mast.Jwst.Filtered.Niriss exp_type=NIS_SOSS); events from Exoplanet Archive nexolist + ephemeris check"
TOI-1136,TOI-1136,0.2,5770.0,50.00,-50.00,Dai et al. 2023,,planned_only,,,10047(GO),0,2,,Transit,0,0,,,NASA Exoplanet Archive pscomppars st_teff (queried 2026-10-09),"MAST CAOM (Mast.Caom.Filtered, filters CLEAR;GR700XD|F277W;GR700XD) + MAST JWST (Mast.Jwst.Filtered.Niriss exp_type=NIS_SOSS); events from Exoplanet Archive nexolist + ephemeris check"
TOI-6109,TOI-6109,0.6,5660.0,50.00,-50.00,Dattilo et al. 2025,G3,planned_only,,,10047(GO),0,2,,Transit,0,0,,,NASA Exoplanet Archive pscomppars st_teff (queried 2026-10-09),"MAST CAOM (Mast.Caom.Filtered, filters CLEAR;GR700XD|F277W;GR700XD) + MAST JWST (Mast.Jwst.Filtered.Niriss exp_type=NIS_SOSS); events from Exoplanet Archive nexolist + ephemeris check"
HD 63935,HD-63935,0.0,5513.0,71.00,-73.00,MacDougall et al. 2023,,planned_only,,,11962(GO),0,2,,Transit,0,0,,,NASA Exoplanet Archive pscomppars st_teff (queried 2026-10-09),"MAST CAOM (Mast.Caom.Filtered, filters CLEAR;GR700XD|F277W;GR700XD) + MAST JWST (Mast.Jwst.Filtered.Niriss exp_type=NIS_SOSS); events from Exoplanet Archive nexolist + ephemeris check"
TOI-1420,TOI-1420,0.9,5510.0,110.00,-110.00,Yoshida et al. 2023,,planned_only,,,9101(GO),0,1,,Transit,0,0,,,NASA Exoplanet Archive pscomppars st_teff (queried 2026-10-09),"MAST CAOM (Mast.Caom.Filtered, filters CLEAR;GR700XD|F277W;GR700XD) + MAST JWST (Mast.Jwst.Filtered.Niriss exp_type=NIS_SOSS); events from Exoplanet Archive nexolist + ephemeris check"
KELT-11,KELT-11,1.7,5375.0,25.00,-25.00,Mounzer et al. 2022,G8/K0 IV,planned_only,,,9709(GO),0,1,,Transit,0,0,,,NASA Exoplanet Archive pscomppars st_teff (queried 2026-10-09),"MAST CAOM (Mast.Caom.Filtered, filters CLEAR;GR700XD|F277W;GR700XD) + MAST JWST (Mast.Jwst.Filtered.Niriss exp_type=NIS_SOSS); events from Exoplanet Archive nexolist + ephemeris check"
TOI-1173,TOI-1173b,1.7,5350.0,34.00,-34.00,Galarza et al. 2024,G9,planned_only,,,9709(GO),0,1,,Transit,0,0,,,NASA Exoplanet Archive pscomppars st_teff (queried 2026-10-09),"MAST CAOM (Mast.Caom.Filtered, filters CLEAR;GR700XD|F277W;GR700XD) + MAST JWST (Mast.Jwst.Filtered.Niriss exp_type=NIS_SOSS); events from Exoplanet Archive nexolist + ephemeris check"
WASP-139,WASP-139,0.4,5310.0,90.00,-90.00,Hellier et al. 2017,K0,planned_only,,,11779(GO),0,1,,Transit,0,0,,,NASA Exoplanet Archive pscomppars st_teff (queried 2026-10-09),"MAST CAOM (Mast.Caom.Filtered, filters CLEAR;GR700XD|F277W;GR700XD) + MAST JWST (Mast.Jwst.Filtered.Niriss exp_type=NIS_SOSS); events from Exoplanet Archive nexolist + ephemeris check"
HD 110067,HD-110067,2.1,5266.0,64.00,-64.00,Luque et al. 2023,K0.0 V,planned_only,,,10047(GO),0,3,,Transit,0,0,,,NASA Exoplanet Archive pscomppars st_teff (queried 2026-10-09),"MAST CAOM (Mast.Caom.Filtered, filters CLEAR;GR700XD|F277W;GR700XD) + MAST JWST (Mast.Jwst.Filtered.Niriss exp_type=NIS_SOSS); events from Exoplanet Archive nexolist + ephemeris check"
55 Cnc,-rho01-Cnc;55-Cnc-e,8.4,5198.0,31.00,-31.00,Moutou et al. 2026,G8 V,planned_only,,,9825(GO);12237(GO),0,6,,Eclipse;Transit,0,0,,,NASA Exoplanet Archive pscomppars st_teff (queried 2026-10-09),"MAST CAOM (Mast.Caom.Filtered, filters CLEAR;GR700XD|F277W;GR700XD) + MAST JWST (Mast.Jwst.Filtered.Niriss exp_type=NIS_SOSS); events from Exoplanet Archive nexolist + ephemeris check"
TOI-216,TOI-216,0.9,5026.0,125.00,-125.00,Kokori et al. 2023,,planned_only,,,7982(GO),0,1,,unclassified,0,0,,,NASA Exoplanet Archive pscomppars st_teff (queried 2026-10-09),"MAST CAOM (Mast.Caom.Filtered, filters CLEAR;GR700XD|F277W;GR700XD) + MAST JWST (Mast.Jwst.Filtered.Niriss exp_type=NIS_SOSS); events from Exoplanet Archive nexolist + ephemeris check"
TOI-2374,TOI-2374,0.5,5002.0,65.00,-64.00,Yee et al. 2025,,planned_only,,,11779(GO),0,1,,Transit,0,0,,,NASA Exoplanet Archive pscomppars st_teff (queried 2026-10-09),"MAST CAOM (Mast.Caom.Filtered, filters CLEAR;GR700XD|F277W;GR700XD) + MAST JWST (Mast.Jwst.Filtered.Niriss exp_type=NIS_SOSS); events from Exoplanet Archive nexolist + ephemeris check"
TOI-181,TOI-181,1.7,4994.0,50.00,-50.00,Mistry et al. 2023,K,planned_only,,,11779(GO),0,1,,Transit,0,0,,,NASA Exoplanet Archive pscomppars st_teff (queried 2026-10-09),"MAST CAOM (Mast.Caom.Filtered, filters CLEAR;GR700XD|F277W;GR700XD) + MAST JWST (Mast.Jwst.Filtered.Niriss exp_type=NIS_SOSS); events from Exoplanet Archive nexolist + ephemeris check"
TOI-1823,TOI-1823,2.2,4927.0,58.00,-57.00,MacDougall et al. 2023,,planned_only,,,11779(GO),0,1,,Transit,0,0,,,NASA Exoplanet Archive pscomppars st_teff (queried 2026-10-09),"MAST CAOM (Mast.Caom.Filtered, filters CLEAR;GR700XD|F277W;GR700XD) + MAST JWST (Mast.Jwst.Filtered.Niriss exp_type=NIS_SOSS); events from Exoplanet Archive nexolist + ephemeris check"
TOI-2134,TOI-2134_c,4.5,4580.0,50.00,-50.00,Rescigno et al. 2026,K5 V,planned_only,,,9709(GO),0,1,,Transit,0,0,,,NASA Exoplanet Archive pscomppars st_teff (queried 2026-10-09),"MAST CAOM (Mast.Caom.Filtered, filters CLEAR;GR700XD|F277W;GR700XD) + MAST JWST (Mast.Jwst.Filtered.Niriss exp_type=NIS_SOSS); events from Exoplanet Archive nexolist + ephemeris check"
TOI-178,TOI-178,2.7,4316.0,70.00,-70.00,Leleu et al. 2024,K,planned_only,,,10047(GO),0,2,,Transit,0,0,,,NASA Exoplanet Archive pscomppars st_teff (queried 2026-10-09),"MAST CAOM (Mast.Caom.Filtered, filters CLEAR;GR700XD|F277W;GR700XD) + MAST JWST (Mast.Jwst.Filtered.Niriss exp_type=NIS_SOSS); events from Exoplanet Archive nexolist + ephemeris check"
IRAS 04125+2902,IRAS-04125+2902,0.0,4080.0,95.00,-95.00,Barber et al. 2024,,planned_only,,,8597(GO),0,1,,Transit,0,0,,,NASA Exoplanet Archive pscomppars st_teff (queried 2026-10-09),"MAST CAOM (Mast.Caom.Filtered, filters CLEAR;GR700XD|F277W;GR700XD) + MAST JWST (Mast.Jwst.Filtered.Niriss exp_type=NIS_SOSS); events from Exoplanet Archive nexolist + ephemeris check"
