pl_name,spec_type,authors,instrument,facility,mintranmid,maxtranmid,minwavelng,maxwavelng,bibcode,note
"HAT-P-18 b","Transmission","Fu et al. 2022","Near Infrared Imager and Slitless Spectrograph (NIRISS)","NASA 6.5m James Webb Space Telescope (JWST) Satellite Mission",2459743.853395,2459743.853395,0.6078,2.8266,"2022ApJ...940L..35F",
"WASP-18 b","Eclipse","Coulombe et al. 2023","Near Infrared Imager and Slitless Spectrograph (NIRISS)","NASA 6.5m James Webb Space Telescope (JWST) Satellite Mission",,,0.8744,2.8412,"2023Natur.620..292C","transitspectroscopy pipeline"
"WASP-39 b","Transmission","Feinstein et al. 2023","Near Infrared Imager and Slitless Spectrograph (NIRISS)","NASA 6.5m James Webb Space Telescope (JWST) Satellite Mission",,,0.6310,2.7965,"2023Natur.614..670F",
"WASP-18 b","Eclipse","Coulombe et al. 2023","Near Infrared Imager and Slitless Spectrograph (NIRISS)","NASA 6.5m James Webb Space Telescope (JWST) Satellite Mission",,,0.8543,2.8270,"2023Natur.620..292C","NAMELESS pipeline"
"WASP-18 b","Eclipse","Coulombe et al. 2023","Near Infrared Imager and Slitless Spectrograph (NIRISS)","NASA 6.5m James Webb Space Telescope (JWST) Satellite Mission",,,0.8543,2.8270,"2023Natur.620..292C","supreme-SPOON pipeline"
"WASP-18 b","Eclipse","Coulombe et al. 2023","Near Infrared Imager and Slitless Spectrograph (NIRISS)","NASA 6.5m James Webb Space Telescope (JWST) Satellite Mission",,,0.8543,2.8270,"2023Natur.620..292C","nirHiss pipeline"
"K2-18 b","Transmission","Madhusudhan et al. 2023","Near Infrared Imager and Slitless Spectrograph (NIRISS)","NASA 6.5m James Webb Space Telescope (JWST) Satellite Mission",,,0.8523,2.8270,"2023ApJ...956L..13M","Figure 3"
"WASP-96 b","Transmission","Radica et al. 2023","Near Infrared Imager and Slitless Spectrograph (NIRISS)","NASA 6.5m James Webb Space Telescope (JWST) Satellite Mission",,,0.6000,2.8286,"2023MNRAS.524..835R","SOSS mode, supreme-SPOON pipeline"
"LTT 9779 b","Transmission","Radica et al. 2024","Near Infrared Imager and Slitless Spectrograph (NIRISS)","NASA 6.5m James Webb Space Telescope (JWST) Satellite Mission",,,0.6064,2.7286,"2024ApJ...962L..20R","SOSS mode"
"LHS 1140 b","Transmission","Cadieux et al. 2024","Near Infrared Imager and Slitless Spectrograph (NIRISS)","NASA 6.5m James Webb Space Telescope (JWST) Satellite Mission",,,0.6534,2.6515,"2024ApJ...970L...2C","Table B1"
"LHS 1140 c","Transmission","Cadieux et al. 2024","Near Infrared Imager and Slitless Spectrograph (NIRISS)","NASA 6.5m James Webb Space Telescope (JWST) Satellite Mission",,,0.6534,2.6515,"2024ApJ...970L...2C","Table B1"
"HAT-P-18 b","Transmission","Fournier-Tondreau et al. 2024","Near Infrared Imager and Slitless Spectrograph (NIRISS)","NASA 6.5m James Webb Space Telescope (JWST) Satellite Mission",,,0.6064,2.7996,"2024MNRAS.528.3354F","Figure 3, NIRISS/SOSS R=100"
"HAT-P-18 b","Transmission","Fournier-Tondreau et al. 2024","Near Infrared Imager and Slitless Spectrograph (NIRISS)","NASA 6.5m James Webb Space Telescope (JWST) Satellite Mission",,,0.6000,2.8286,"2024MNRAS.528.3354F","Figure 3, NIRISS/SOSS pixel"
"WASP-39 b","Transmission","Carter et al. 2024","Near Infrared Imager and Slitless Spectrograph (NIRISS)","NASA 6.5m James Webb Space Telescope (JWST) Satellite Mission",,,0.8771,2.8048,"2024NatAs...8.1008C","SOSS Order 1, R=100, limb darkening parameters fixed"
"WASP-39 b","Transmission","Carter et al. 2024","Near Infrared Imager and Slitless Spectrograph (NIRISS)","NASA 6.5m James Webb Space Telescope (JWST) Satellite Mission",,,0.6330,0.8484,"2024NatAs...8.1008C","SOSS Order 2, R=100, limb darkening parameters fixed"
"GJ 9827 d","Transmission","Piaulet-Ghorayeb et al. 2024","Near Infrared Imager and Slitless Spectrograph (NIRISS)","NASA 6.5m James Webb Space Telescope (JWST) Satellite Mission",,,0.6035,2.8135,"2024ApJ...974L..10P","Table A2, SOSS mode, R=100, supreme-SPOON pipeline"
"WASP-17 b","Eclipse","Gressier et al. 2025","Near Infrared Imager and Slitless Spectrograph (NIRISS)","NASA 6.5m James Webb Space Telescope (JWST) Satellite Mission",2460026.066950,2460026.066950,0.6040,2.8154,"2025AJ....169...57G","Figure 5, transitspectroscopy pipeline, only positive eclipse depths"
"WASP-17 b","Eclipse","Gressier et al. 2025","Near Infrared Imager and Slitless Spectrograph (NIRISS)","NASA 6.5m James Webb Space Telescope (JWST) Satellite Mission",2460026.066930,2460026.066930,0.6040,2.8154,"2025AJ....169...57G","Figure 5, transitspectroscopy pipeline, negative eclipse depths allowed"
"WASP-17 b","Transmission","Louie et al. 2025","Near Infrared Imager and Slitless Spectrograph (NIRISS)","NASA 6.5m James Webb Space Telescope (JWST) Satellite Mission",2460024.197422,2460024.197422,0.8504,2.8098,"2025AJ....169...86L","Final Ahsoka Order 1 (Fit LD at Pixel Level)"
"WASP-17 b","Transmission","Louie et al. 2025","Near Infrared Imager and Slitless Spectrograph (NIRISS)","NASA 6.5m James Webb Space Telescope (JWST) Satellite Mission",2460024.197306,2460024.197306,0.6303,0.9496,"2025AJ....169...86L","Final Ahsoka Order 2 (Fit LD at Pixel Level)"
"WASP-17 b","Transmission","Louie et al. 2025","Near Infrared Imager and Slitless Spectrograph (NIRISS)","NASA 6.5m James Webb Space Telescope (JWST) Satellite Mission",2460024.197422,2460024.197422,0.8544,2.8154,"2025AJ....169...86L","Final Ahsoka Order 1, R=100 (Fit LD at Pixel Level)"
"WASP-17 b","Transmission","Louie et al. 2025","Near Infrared Imager and Slitless Spectrograph (NIRISS)","NASA 6.5m James Webb Space Telescope (JWST) Satellite Mission",2460024.197306,2460024.197306,0.6290,0.8622,"2025AJ....169...86L","Final Ahsoka Order 2, R=100 (Fit LD at Pixel Level)"
"WASP-52 b","Transmission","Fournier-Tondreau et al. 2025","Near Infrared Imager and Slitless Spectrograph (NIRISS)","NASA 6.5m James Webb Space Telescope (JWST) Satellite",,,0.6043,2.8153,"2025MNRAS.539..422F","SOSS, supreme-SPOON"
"LTT 9779 b","Eclipse","Coulombe et al. 2025","Near Infrared Imager and Slitless Spectrograph (NIRISS)","NASA 6.5m James Webb Space Telescope (JWST) Satellite Mission",,,0.6156,2.7893,"2025NatAs...9..512C","Extended Data Figure 4"
"GJ 357 b","Transmission","Taylor et al. 2025","Near Infrared Imager and Slitless Spectrograph (NIRISS)","NASA 6.5m James Webb Space Telescope (JWST) Satellite Mission",,,0.8620,2.8030,"2025MNRAS.540.3677T","Table B1"
"TRAPPIST-1 c","Transmission","Radica et al. 2025","Near Infrared Imager and Slitless Spectrograph (NIRISS)","NASA 6.5m James Webb Space Telescope (JWST) Satellite Mission",2459881.401528,2459881.401528,0.7200,2.7700,"2025ApJ...979L...5R","Table 3, Visit 1"
"TRAPPIST-1 c","Transmission","Radica et al. 2025","Near Infrared Imager and Slitless Spectrograph (NIRISS)","NASA 6.5m James Webb Space Telescope (JWST) Satellite Mission",2460249.515031,2460249.515031,0.7200,2.7700,"2025ApJ...979L...5R","Table 3, Visit 2"
"TOI-421 b","Transmission","Davenport et al. 2025","Near Infrared Imager and Slitless Spectrograph (NIRISS)","NASA 6.5m James Webb Space Telescope (JWST) Satellite Mission",2460254.240000,2460254.240000,0.8927,2.7386,"2025ApJ...984L..44D","exoTEDRF reduction"
"TOI-421 b","Transmission","Davenport et al. 2025","Near Infrared Imager and Slitless Spectrograph (NIRISS)","NASA 6.5m James Webb Space Telescope (JWST) Satellite Mission",2460255.240100,2460255.240100,0.9111,2.7586,"2025ApJ...984L..44D","Fu reduction"
"TOI-270 d","Transmission","Felix et al. 2025","Near Infrared Imager and Slitless Spectrograph (NIRISS)","NASA 6.5m James Webb Space Telescope (JWST) Satellite Mission",2460221.301700,2460221.301700,0.8513,2.8266,"2025A&A...701A.296F","Native Resolution"
"GJ 3090 b","Transmission","Ahrer et al. 2025","Near Infrared Imager and Slitless Spectrograph (NIRISS)","NASA 6.5m James Webb Space Telescope (JWST) Satellite Mission",2460284.500000,2460284.500000,0.6123,2.8269,"2025ApJ...985L..10A","NIRISS/SOSS; exoTEDRF reduction; Visit 1; Figure 3"
"GJ 3090 b","Transmission","Ahrer et al. 2025","Near Infrared Imager and Slitless Spectrograph (NIRISS)","NASA 6.5m James Webb Space Telescope (JWST) Satellite Mission",2460284.500000,2460284.500000,0.6069,2.8266,"2025ApJ...985L..10A","NIRISS/SOSS; NAMELESS reduction; Visit 1"
"GJ 3090 b","Transmission","Ahrer et al. 2025","Near Infrared Imager and Slitless Spectrograph (NIRISS)","NASA 6.5m James Webb Space Telescope (JWST) Satellite Mission",2460495.500000,2460495.500000,0.6123,2.8269,"2025ApJ...985L..10A","NIRISS/SOSS; exoTEDRF reduction; Visit 2; Figure 3"
"GJ 3090 b","Transmission","Ahrer et al. 2025","Near Infrared Imager and Slitless Spectrograph (NIRISS)","NASA 6.5m James Webb Space Telescope (JWST) Satellite Mission",2960495.500000,2960495.500000,0.6069,2.8266,"2025ApJ...985L..10A","NIRISS/SOSS; NAMELESS reduction; Visit 2"
"HAT-P-14 b","Transmission","Liu et al. 2025","Near Infrared Imager and Slitless Spectrograph (NIRISS)","NASA 6.5m James Webb Space Telescope (JWST) Satellite Mission",2459738.962267,2459738.962267,0.6035,2.7591,"2025AJ....169..335L","SOSS order combined; Figure 8"
"LTT 3780 c","Transmission","Rigby et al. 2025","Near Infrared Imager and Slitless Spectrograph (NIRISS)","NASA 6.5m James Webb Space Telescope (JWST) Satellite Mission",2460421.441727,2460421.441727,0.8527,2.8262,"2025ApJ...995L..70R","Figure 2, SOSS"
"WASP-80 b","Eclipse","Morel et al. 2025","Near Infrared Imager and Slitless Spectrograph (NIRISS)","NASA 6.5m James Webb Space Telescope (JWST) Satellite Mission",2460243.873787,2460243.873787,0.7169,2.7708,"2025AJ....169..277M","SOSS, figure 3"
"WASP-166 b","Transmission","Mayo et al. 2025","Near Infrared Imager and Slitless Spectrograph (NIRISS)","NASA 6.5m James Webb Space Telescope (JWST) Satellite Mission",2460309.890933,2460309.890933,0.8580,2.8167,"2025AJ....170...50M","SOSS; Constant Width bins"
"WASP-166 b","Transmission","Mayo et al. 2025","Near Infrared Imager and Slitless Spectrograph (NIRISS)","NASA 6.5m James Webb Space Telescope (JWST) Satellite Mission",2460309.890933,2460309.890933,0.8534,2.8154,"2025AJ....170...50M","SOSS; R=100"
"WASP-96 b","Transmission","Wang et al. 2026","Near Infrared Imager and Slitless Spectrograph (NIRISS)","NASA 6.5m James Webb Space Telescope (JWST) Satellite Mission",2459751.500000,2459751.500000,0.6060,2.8240,"2026AJ....171..147W","SOSS, Figure 5"
"TOI-1130 b","Transmission","Barat et al. 2026","Near Infrared Imager and Slitless Spectrograph (NIRISS)","NASA 6.5m James Webb Space Telescope (JWST) Satellite Mission",2460546.500000,2460546.500000,0.8729,2.7658,"2026ApJ..1002L..32B","SOSS; order 1; figure 2"
"TOI-1130 b","Transmission","Barat et al. 2026","Near Infrared Imager and Slitless Spectrograph (NIRISS)","NASA 6.5m James Webb Space Telescope (JWST) Satellite Mission",2460546.500000,2460546.500000,0.7366,0.9258,"2026ApJ..1002L..32B","SOSS; order 2; figure 2"
"WASP-94 A b","Transmission","Mukherjee et al. 2026","Near Infrared Imager and Slitless Spectrograph (NIRISS)","NASA 6.5m James Webb Space Telescope (JWST) Satellite Mission",,,0.8695,2.7946,"2026Sci...392..858M","SOSS; FIREFLy reduction; spherically symmetric spectrum"
"WASP-121 b","Eclipse","Pelletier et al. 2026","Near Infrared Imager and Slitless Spectrograph (NIRISS)","NASA 6.5m James Webb Space Telescope (JWST) Satellite Mission",2460244.236053,2460244.236053,0.6017,2.8244,"2026A&A...706A...2P","SOSS; NAMELESS pipeline; figure 4"
"HAT-P-12 b","Transmission","Heinke et al. 2026","Near Infrared Imager and Slitless Spectrograph (NIRISS)","NASA 6.5m James Webb Space Telescope (JWST) Satellite Mission",2460115.947938,2460115.947938,0.6017,2.8222,"2026A&A...710A.305H","Figure 2; exoTEDRF reduction"
"TRAPPIST-1 f","Transmission","Lim et al. 2026","Near Infrared Imager and Slitless Spectrograph (NIRISS)","NASA 6.5m James Webb Space Telescope (JWST) Satellite Mission",2459880.500000,2459880.500000,0.8865,2.7954,"2026AJ....172..200L","SOSS; SOSSISSE pipeline; visit 1, figure 5"
"TRAPPIST-1 f","Transmission","Lim et al. 2026","Near Infrared Imager and Slitless Spectrograph (NIRISS)","NASA 6.5m James Webb Space Telescope (JWST) Satellite Mission",2460110.500000,2460110.500000,0.7341,2.7952,"2026AJ....172..200L","SOSS; SOSSISSE pipeline; visit 2, figure 5"
"TRAPPIST-1 f","Transmission","Lim et al. 2026","Near Infrared Imager and Slitless Spectrograph (NIRISS)","NASA 6.5m James Webb Space Telescope (JWST) Satellite Mission",2460119.500000,2460119.500000,0.7342,2.7955,"2026AJ....172..200L","SOSS; SOSSISSE pipeline; visit 3, figure 5"
"TRAPPIST-1 f","Transmission","Lim et al. 2026","Near Infrared Imager and Slitless Spectrograph (NIRISS)","NASA 6.5m James Webb Space Telescope (JWST) Satellite Mission",2460128.500000,2460128.500000,0.7344,2.7951,"2026AJ....172..200L","SOSS; SOSSISSE pipeline; visit 4, figure 5"
"TRAPPIST-1 f","Transmission","Lim et al. 2026","Near Infrared Imager and Slitless Spectrograph (NIRISS)","NASA 6.5m James Webb Space Telescope (JWST) Satellite Mission",2460147.500000,2460147.500000,0.7341,2.7954,"2026AJ....172..200L","SOSS; SOSSISSE pipeline; visit 5, figure 5"
"TRAPPIST-1 f","Transmission","Lim et al. 2026","Near Infrared Imager and Slitless Spectrograph (NIRISS)","NASA 6.5m James Webb Space Telescope (JWST) Satellite Mission",,,0.7341,2.7952,"2026AJ....172..200L","SOSS; SOSSISSE pipeline; combined spectrum; figure 3"
