table_name,description
"spectra","Atmospheric Spectroscopy"
"TD","Transit Detection Table"
"superwasptimeseries","SuperWASP"
"kelttimeseries","KELT"
"DI_STARS_EXEP","HWO ExEp Precursor Science Stars"
"stellarhosts","Stellar Hosts"
"nexolist","NExoList (NASA Exoplanet Archive Atmospheric Observation List)"
"pscomppars","PSCOMPPARS"
"transitspec","Transit Spectroscopy"
"emissionspec","Emission Spectroscopy"
"TAP_SCHEMA.schemas","Available schemas at PROJECT"
"TAP_SCHEMA.tables","Available tables at PROJECT"
"TAP_SCHEMA.columns","Available columns at PROJECT"
"TAP_SCHEMA.keys","Available keys at PROJECT"
"TAP_SCHEMA.key_columns","Available key columns at PROJECT"
"ps","Planetary Systems"
"keplernames","Kepler Names"
"k2names","K2 Names"
"toi","TESS Project Candidates"
"CUMULATIVE","Cumulative KOI Delivery"
"Q1_Q6_KOI","Q1-Q6 KOI Delivery"
"Q1_Q8_KOI","Q1-Q8 KOI Delivery"
"Q1_Q12_KOI","Q1-Q12 KOI Delivery"
"Q1_Q16_KOI","Q1-Q16 KOI Delivery"
"Q1_Q17_DR24_KOI","Q1-Q17 DR24 KOI Delivery"
"Q1_Q17_DR25_KOI","Q1-Q17 DR25 KOI Delivery"
"Q1_Q17_DR25_SUP_KOI","Q1-Q17 DR25 Supplemental KOI Delivery"
"Q1_Q12_TCE","Q1-Q12 TCE Delivery"
"Q1_Q16_TCE","Q1-Q16 TCE Delivery"
"Q1_Q17_DR24_TCE","Q1-Q17 DR24 TCE Delivery"
"Q1_Q17_DR25_TCE","Q1-Q17 DR25 TCE Delivery"
"stellarhosts","Stellar Hosts"
"pandora","Pandora Mission"
"ukirttimeseries","UKIRT"
"ml","Microlensing Planets"
"object_aliases","Object Aliases"
"k2pandc","K2 Planets and Candidates"
"K2TARGETS","K2 Stellar Targets"
"KEPLERTIMESERIES","Kepler Time Series"
"KEPLERSTELLAR","Kepler Stellar Delivery"
"Q1_Q12_KS","Q1-Q12 Kepler Stellar Delivery"
"Q1_Q16_KS","Q1-Q16 Kepler Stellar Delivery"
"Q1_Q17_DR24_KS","Q1-Q17 DR24 Kepler Stellar Delivery"
"Q1_Q17_DR25_KS","Q1-Q17 DR25 Kepler Stellar Delivery"
"Q1_Q17_DR25_SUP_KS","Q1-Q17 DR25 Supplemental Kepler Stellar Delivery"
"observations","OBSERVATIONS table"
