table_name,column_name,description
"emissionspec","centralwavelng","Central wavelength [microns]"
"emissionspec","bandwidth","Bandwidth [microns]"
"emissionspec","especlipdep","Eclipse depth [ppm]"
"emissionspec","especlipdeperr1","Eclipse depth Upper Uncertainty [ppm]"
"emissionspec","especlipdeperr2","Eclipse depth time Lower Uncertainty [ppm]"
"emissionspec","especlipdeplim","Eclipse depth Limit Flag"
"emissionspec","especlipdepstr","Eclipse depth String for Display"
"emissionspec","espbritemp","Brightness temperature [K]"
"emissionspec","espbritemperr1","Brightness temperature Upper Uncertainty [K]"
"emissionspec","espbritemperr2","Brightness temperature Lower Uncertainty [K]"
"emissionspec","espbritemplim","Brightness temperature Limit Flag"
"transitspec","centralwavelng","Central Wavelength"
"transitspec","bandwidth","Band Width"
"transitspec","plntransdep","Transit Depth"
"transitspec","plntransdeperr1","Transit Depth Upper Uncertainty"
"transitspec","plntransdeperr2","Transit Depth Lower Uncertainty"
"transitspec","plntransdeplim","Transit Depth Limit Flag"
"transitspec","plntransdepstr","Transit Depth String for Display"
"transitspec","plnradj","Planet Radius in Jupiter Radii"
"transitspec","plnradjerr1","Planet Radius in Jupiter Radii Upper Uncertainty"
"transitspec","plnradjerr2","Planet Radius in Jupiter Radii Lower Uncertainty"
"transitspec","plnradjlim","Planet Radius in Jupiter Radii Limit Flag"
"transitspec","plnradjstr","Planet Radius in Jupiter Radii String for Display"
"transitspec","plnratror","Ratio of Planet to Stellar Radius"
"transitspec","plnratrorerr1","Ratio of Planet to Stellar Radius Upper Uncertainty"
"transitspec","plnratrorerr2","Ratio of Planet to Stellar Radius Lower Uncertainty"
"transitspec","plnratrorlim","Ratio of Planet to Stellar Radius Limit Flag"
"transitspec","plnratrorstr","Ratio of Planet to Stellar Radius String for Display"
"transitspec","plntranmid","Transit Mid-Point (BJD)"
"transitspec","plntranmiderr1","Transit Mid-Point Upper Uncertainty (BJD)"
"transitspec","plntranmiderr2","Transit Mid-Point Lower Uncertatinty (BJD)"
"transitspec","plntranmidlim","Transit Mid-Point Limit Flag"
"transitspec","plntranmidstr","Transit Mid-Point String for Display"
"transitspec","facility","Facility Used to Get Data"
"transitspec","instrument","Instrument Used to Get Data"
"transitspec","rowupdate","Last Update Date"
"transitspec","plntname","Planet Name"
"transitspec","plntranreflink","Reference HTML Link"
"emissionspec","espbritempstr","Brightness temperature String for Display"
"emissionspec","facility","Facility"
"emissionspec","instrument","Instrument"
"emissionspec","rowupdate","Rowupdate"
"emissionspec","plntname","Planet name"
"emissionspec","note","Notes"
"emissionspec","plntreflink","ADS Reference link"
"spectra","pl_name","Planet Name"
"spectra","spec_type","Type of Spectrum"
"spectra","authors","Authors"
"spectra","num_datapoints","# Datapoints"
"spectra","instrument","Instrument"
"spectra","facility","Facility"
"spectra","mintranmid","Minimum Observation Date"
"spectra","maxtranmid","Maximum Observation Date"
"spectra","minwavelng","Minimum Wavelength"
"spectra","maxwavelng","Maximum Wavelength"
"spectra","note","Notes"
"spectra","bibcode","Bibcode"
"spectra","spec_path","File Path"
"stellarhosts","st_lum","Stellar Luminosity [log(Solar)]"
"stellarhosts","st_lumerr1","Stellar Luminosity Upper Unc. [log(Solar)]"
"stellarhosts","st_lumerr2","Stellar Luminosity Lower Unc. [log(Solar)]"
"stellarhosts","st_lumlim","Stellar Luminosity Limit Flag"
"stellarhosts","st_logg","Stellar Surface Gravity [log(cm/s**2)]"
"stellarhosts","st_loggerr1","Stellar Surface Gravity Upper Unc. [log(cm/s**2)]"
"stellarhosts","st_loggerr2","Stellar Surface Gravity Lower Unc. [log(cm/s**2)]"
"stellarhosts","st_logglim","Stellar Surface Gravity Limit Flag"
"stellarhosts","st_age","Stellar Age [Gyr]"
"stellarhosts","st_ageerr1","Stellar Age Upper Unc. [Gyr]"
"stellarhosts","st_ageerr2","Stellar Age Lower Unc. [Gyr]"
"stellarhosts","st_agelim","Stellar Age Limit Flag"
"stellarhosts","st_mass","Stellar Mass [Solar mass]"
"stellarhosts","st_masserr1","Stellar Mass Upper Unc. [Solar mass]"
"stellarhosts","st_masserr2","Stellar Mass Lower Unc. [Solar mass]"
"stellarhosts","st_masslim","Stellar Mass Limit Flag"
"stellarhosts","st_dens","Stellar Density [g/cm**3]"
"stellarhosts","st_denserr1","Stellar Density Upper Unc. [g/cm**3]"
"stellarhosts","st_denserr2","Stellar Density Lower Unc. [g/cm**3]"
"stellarhosts","st_denslim","Stellar Density Limit Flag"
"stellarhosts","st_rad","Stellar Radius [Solar Radius]"
"stellarhosts","st_raderr1","Stellar Radius Upper Unc. [Solar Radius]"
"stellarhosts","st_raderr2","Stellar Radius Lower Unc. [Solar Radius]"
"stellarhosts","st_radlim","Stellar Radius Limit Flag"
"stellarhosts","sy_snum","Number of Stars"
"stellarhosts","sy_pnum","Number of Planets"
"stellarhosts","sy_mnum","Number of Moons"
"stellarhosts","sy_pm","Total Proper Motion [mas/yr]"
"stellarhosts","sy_pmerr1","Total Proper Motion Upper Unc [mas/yr]"
"stellarhosts","sy_pmerr2","Total Proper Motion Lower Unc [mas/yr]"
"stellarhosts","sy_pmra","Proper Motion (RA) [mas/yr]"
"stellarhosts","sy_pmraerr1","Proper Motion (RA) [mas/yr] Upper Unc"
"stellarhosts","sy_pmraerr2","Proper Motion (RA) [mas/yr] Lower Unc"
"stellarhosts","sy_pmdec","Proper Motion (Dec) [mas/yr]"
"stellarhosts","sy_pmdecerr1","Proper Motion (Dec) [mas/yr] Upper Unc"
"stellarhosts","sy_pmdecerr2","Proper Motion (Dec) [mas/yr] Lower Unc"
"stellarhosts","sy_plx","Parallax [mas]"
"stellarhosts","sy_plxerr1","Parallax [mas] Upper Unc"
"stellarhosts","sy_plxerr2","Parallax [mas] Lower Unc"
"stellarhosts","sy_dist","Distance [pc]"
"stellarhosts","sy_disterr1","Distance [pc] Upper Unc"
"stellarhosts","sy_disterr2","Distance [pc] Lower Unc"
"stellarhosts","sy_bmag","B (Johnson) Magnitude"
"stellarhosts","sy_bmagerr1","B (Johnson) Magnitude Upper Unc"
"stellarhosts","sy_bmagerr2","B (Johnson) Magnitude Lower Unc"
"stellarhosts","sy_vmag","V (Johnson) Magnitude"
"stellarhosts","sy_vmagerr1","V (Johnson) Magnitude Upper Unc"
"stellarhosts","sy_vmagerr2","V (Johnson) Magnitude Lower Unc"
"stellarhosts","sy_jmag","J (2MASS) Magnitude"
"stellarhosts","sy_jmagerr1","J (2MASS) Magnitude Upper Unc"
"stellarhosts","sy_jmagerr2","J (2MASS) Magnitude Lower Unc"
"stellarhosts","sy_hmag","H (2MASS) Magnitude"
"stellarhosts","sy_hmagerr1","H (2MASS) Magnitude Upper Unc"
"stellarhosts","sy_hmagerr2","H (2MASS) Magnitude Lower Unc"
"stellarhosts","sy_kmag","Ks (2MASS) Magnitude"
"stellarhosts","sy_kmagerr1","Ks (2MASS) Magnitude Upper Unc"
"stellarhosts","sy_kmagerr2","Ks (2MASS) Magnitude Lower Unc"
"stellarhosts","sy_umag","u (Sloan) Magnitude"
"stellarhosts","sy_umagerr1","u (Sloan) Magnitude Upper Unc"
"stellarhosts","sy_umagerr2","u (Sloan) Magnitude Lower Unc"
"stellarhosts","sy_rmag","r (Sloan) Magnitude"
"stellarhosts","sy_rmagerr1","r (Sloan) Magnitude Upper Unc"
"stellarhosts","sy_rmagerr2","r (Sloan) Magnitude Lower Unc"
"stellarhosts","sy_imag","i (Sloan) Magnitude"
"stellarhosts","sy_imagerr1","i (Sloan) Magnitude Upper Unc"
"stellarhosts","sy_imagerr2","i (Sloan) Magnitude Lower Unc"
"stellarhosts","sy_zmag","z (Sloan) Magnitude"
"stellarhosts","sy_zmagerr1","z (Sloan) Magnitude Upper Unc"
"stellarhosts","sy_zmagerr2","z (Sloan) Magnitude Lower Unc"
"stellarhosts","sy_w1mag","W1 (WISE) Magnitude"
"stellarhosts","sy_w1magerr1","W1 (WISE) Magnitude Upper Unc"
"stellarhosts","sy_w1magerr2","W1 (WISE) Magnitude Lower Unc"
"stellarhosts","sy_w2mag","W2 (WISE) Magnitude"
"stellarhosts","sy_w2magerr1","W2 (WISE) Magnitude Upper Unc"
"stellarhosts","sy_w2magerr2","W2 (WISE) Magnitude Lower Unc"
"stellarhosts","sy_w3mag","W3 (WISE) Magnitude"
"stellarhosts","sy_w3magerr1","W3 (WISE) Magnitude Upper Unc"
"stellarhosts","sy_w3magerr2","W3 (WISE) Magnitude Lower Unc"
"stellarhosts","sy_w4mag","W4 (WISE) Magnitude"
"stellarhosts","sy_w4magerr1","W4 (WISE) Magnitude Upper Unc"
"stellarhosts","sy_w4magerr2","W4 (WISE) Magnitude Lower Unc"
"stellarhosts","sy_gmag","g (Sloan) Magnitude"
"stellarhosts","sy_gmagerr1","g (Sloan) Magnitude Upper Unc"
"stellarhosts","sy_gmagerr2","g (Sloan) Magnitude Lower Unc"
"stellarhosts","sy_gaiamag","Gaia Magnitude"
"stellarhosts","sy_gaiamagerr1","Gaia Magnitude Upper Unc"
"stellarhosts","sy_gaiamagerr2","Gaia Magnitude Lower Unc"
"stellarhosts","sy_tmag","TESS Magnitude"
"stellarhosts","sy_tmagerr1","TESS Magnitude Upper Unc"
"stellarhosts","sy_tmagerr2","TESS Magnitude Lower Unc"
"stellarhosts","sy_name","System Name"
"stellarhosts","st_metratio","Stellar Metallicity Ratio"
"stellarhosts","st_spectype","Spectral Type"
"stellarhosts","sy_kepmag","Kepler Magnitude"
"stellarhosts","sy_kepmagerr1","Kepler Magnitude Upper Unc"
"stellarhosts","sy_kepmagerr2","Kepler Magnitude Lower Unc"
"stellarhosts","st_rotp","Stellar Rotational Period [day]"
"stellarhosts","st_rotperr1","Stellar Rotational Period [day] Upper Unc."
"stellarhosts","st_rotperr2","Stellar Rotational Period [day] Lower Unc."
"stellarhosts","st_rotplim","Stellar Rotational Period Limit Flag"
"stellarhosts","cb_flag","Circumbinary Flag"
"stellarhosts","sy_icmag","I (Cousins) Magnitude"
"stellarhosts","sy_icmagerr1","I (Cousins) Magnitude Upper Unc"
"stellarhosts","sy_icmagerr2","I (Cousins) Magnitude Lower Unc"
"stellarhosts","hostname","Host Name"
"stellarhosts","hd_name","HD ID"
"stellarhosts","hip_name","HIP ID"
"stellarhosts","tic_id","TIC ID"
"stellarhosts","st_refname","Stellar Parameter Reference"
"stellarhosts","sy_refname","System Parameter Reference"
"stellarhosts","ra","RA [decimal]"
"stellarhosts","rastr","RA [sexagesimal]"
"stellarhosts","dec","Dec [decimal]"
"stellarhosts","decstr","Dec [sexagesimal]"
"stellarhosts","glon","Galactic Longitude [deg]"
"stellarhosts","glat","Galactic Latitude [deg]"
"stellarhosts","elon","Ecliptic Longitude [deg]"
"stellarhosts","elat","Ecliptic Latitude [deg]"
"stellarhosts","st_teff","Stellar Effective Temperature [K]"
"stellarhosts","st_tefferr1","Stellar Effective Temperature Upper Unc. [K]"
"stellarhosts","st_tefferr2","Stellar Effective Temperature Lower Unc. [K]"
"stellarhosts","st_tefflim","Stellar Effective Temperature Limit Flag"
"stellarhosts","st_met","Stellar Metallicity [dex]"
"stellarhosts","st_meterr1","Stellar Metallicity Upper Unc. [dex]"
"stellarhosts","st_meterr2","Stellar Metallicity Lower Unc. [dex]"
"stellarhosts","st_metlim","Stellar Metallicity Limit Flag"
"stellarhosts","st_radv","Systemic Radial Velocity [km/s]"
"stellarhosts","st_radverr1","Systemic Radial Velocity Upper Unc. [km/s]"
"stellarhosts","st_radverr2","Systemic Radial Velocity Lower Unc. [km/s]"
"stellarhosts","st_radvlim","Systemic Radial Velocity Limit Flag"
"stellarhosts","st_vsin","Stellar Rotational Velocity [km/s]"
"stellarhosts","st_vsinerr1","Stellar Rotational Velocity [km/s] Upper Unc."
"stellarhosts","st_vsinerr2","Stellar Rotational Velocity [km/s] Lower Unc."
"stellarhosts","st_vsinlim","Stellar Rotational Velocity Limit Flag"
"stellarhosts","gaia_dr2_id","Gaia DR2 ID"
"stellarhosts","gaia_dr3_id","Gaia DR3 ID"
"nexolist","pl_name","Planet Name"
"nexolist","hostname","Host Name"
"nexolist","event",
"nexolist","program",
"nexolist","observation_num",
"nexolist","status",
"nexolist","facility","Facility"
"nexolist","instrument","Instrument"
"nexolist","observingmode","Observing Mode"
"nexolist","gratinggrism","Grating Grism"
"nexolist","observation_dur","Observation Duration"
"nexolist","starttime",
"nexolist","endtime",
"nexolist","ra","RA [decimal]"
"nexolist","dec","Dec [decimal]"
"nexolist","pl_orbper","Orbital Period"
"nexolist","pl_orbsmax","Orbit Semi-Major Axis [au])"
"nexolist","pl_orbincl","Inclination"
"nexolist","pl_orbeccen","Eccentricity"
"nexolist","pl_eqt","Equilibrium Temperature"
"nexolist","pl_insol","Insolation Flux"
"nexolist","pl_dens","Planet Density"
"nexolist","pl_trandep","Transit Depth"
"nexolist","pl_trandur","Transit Duration"
"nexolist","pl_radj","Planet Radius"
"nexolist","pl_rade","Planet Radius"
"nexolist","pl_bmassj","Planet Mass or Mass*sin(i)"
"nexolist","pl_bmasse","Planet Mass or Mass*sin(i)"
"nexolist","pl_bmassprov","Planet Mass or Mass*sin(i) Provenance"
"nexolist","st_teff","Stellar Effective Temperature"
"nexolist","st_met","Stellar Metallicity"
"nexolist","st_logg","Stellar Surface Gravity"
"nexolist","st_mass","Stellar Mass"
"nexolist","st_rad","Stellar Radius"
"nexolist","sy_dist","Distance"
"nexolist","sy_kmag","Ks (2MASS) Magnitude"
"nexolist","pl_tsm","Transit Spectroscopy Metric"
"nexolist","pl_esm","Emission Spectroscopy Metric"
